divipola,municipio,pob_DANE_2026,rol,PPED_2026,DCD_postCOVID_2026,coincide_PPED
66001,Pereira,487820,demanda,487820.0,482851.0,True
76001,Cali,2269983,demanda,2269983.0,2284775.0,True
76109,Buenaventura,335217,demanda,335217.0,324923.0,True
63001,Armenia,307103,demanda,307103.0,311959.0,True
66170,Dosquebradas,246388,demanda,246388.0,226214.0,True
17001,Manizales,475690,demanda,475690.0,461278.0,True
66682,Santa Rosa de Cabal,84054,demanda,84054.0,80038.0,True
63594,Quimbaya,31350,demanda,31350.0,32309.0,True
76233,Dagua,60038,demanda,60038.0,49924.0,True
63470,Montenegro,37483,demanda,37483.0,38783.0,True
76622,Roldanillo,38639,demanda,38639.0,37831.0,True
76890,Yotoco,16843,demanda,16843.0,16513.0,True
76828,Trujillo,20058,demanda,20058.0,19807.0,True
76054,Argelia,5538,demanda,5538.0,5580.0,True
17873,Villamaría,74463,demanda,74463.0,69760.0,True
76400,La Unión,34699,demanda,34699.0,34788.0,True
76823,Toro,14922,demanda,14922.0,15034.0,True
76606,Restrepo,16021,demanda,16021.0,16647.0,True
76895,Zarzal,43993,demanda,43993.0,43269.0,True
76736,Sevilla,44172,demanda,44172.0,43949.0,True
76246,El Cairo,7010,demanda,7010.0,7083.0,True
76041,Ansermanuevo,17825,demanda,17825.0,18421.0,True
76377,La Cumbre,18765,demanda,18765.0,17446.0,True
66400,La Virginia,28386,demanda,28386.0,28559.0,True
76113,Bugalagrande,25527,demanda,25527.0,26273.0,True
76616,Riofrío,16207,demanda,16207.0,16026.0,True
76122,Caicedonia,30248,demanda,30248.0,29670.0,True
63190,Circasia,28971,demanda,28971.0,29911.0,True
63130,Calarcá,74399,demanda,74399.0,77048.0,True
76520,Palmira,382703,candidato,382703.0,359988.0,True
76834,Tuluá,225868,candidato,225868.0,233831.0,True
76364,Jamundí,196875,candidato,196875.0,182290.0,True
76147,Cartago,144206,candidato,144206.0,143659.0,True
76111,Guadalajara de Buga,132250,candidato,132250.0,134040.0,True
76130,Candelaria,115933,candidato,115933.0,94199.0,True
76892,Yumbo,115667,candidato,115667.0,108812.0,True
76275,Florida,57017,candidato,57017.0,58600.0,True
76248,El Cerrito,56397,candidato,56397.0,58093.0,True
76563,Pradera,50067,candidato,50067.0,49497.0,True
76318,Guacarí,34739,candidato,34739.0,35691.0,True
76306,Ginebra,24545,candidato,24545.0,25232.0,True
17174,Chinchiná,50452,candidato,50452.0,54102.0,True
17777,Supía,31774,candidato,31774.0,30260.0,True
17013,Aguadas,22301,candidato,22301.0,23725.0,True
17541,Pensilvania,20404,candidato,20404.0,20517.0,True
17380,La Dorada,71480,candidato,71480.0,76174.0,True
63401,La Tebaida,33758,candidato,33758.0,35448.0,True
