id,divipola,municipio,departamento,lat,lon,pob_DANE_2026,NH_RUD,familias_RUD,personas_RUD,hogar_RUD,personas_en_NH,d_f02,d_f05,d_f10,d_f13,d_f10_hogar3,pct_registrado,calidad_dato_RUD
D66001,66001,Pereira,Risaralda,4.804985,-75.719711,487820,23873,47211,110882,2.35,56069,1121,2803,5607,7289,7162,22.7,F
D76001,76001,Cali,Valle del Cauca,3.413686,-76.52133,2269983,21309,45138,97337,2.16,45951,919,2298,4595,5974,6393,4.3,F
D76109,76109,Buenaventura,Valle del Cauca,3.875708,-77.01074,335217,9557,31654,67590,2.14,20407,408,1020,2041,2653,2867,20.2,F
D63001,63001,Armenia,Quindío,4.53598,-75.680786,307103,7270,21935,41197,1.88,13654,273,683,1365,1775,2181,13.4,F
D66170,66170,Dosquebradas,Risaralda,4.833131,-75.675371,246388,4179,8116,17742,2.19,9136,183,457,914,1188,1254,7.2,F
D17001,17001,Manizales,Caldas,5.057657,-75.491025,475690,4590,9125,14359,1.57,7223,144,361,722,939,1377,3.0,F
D66682,66682,Santa Rosa de Cabal,Risaralda,4.876271,-75.623268,84054,1904,5202,11899,2.29,4355,87,218,436,566,571,14.2,R
D63594,63594,Quimbaya,Quindío,4.624387,-75.765074,31350,1683,5728,12739,2.22,3743,75,187,374,487,505,40.6,F
D76233,76233,Dagua,Valle del Cauca,3.657318,-76.68886,60038,1635,5272,11355,2.15,3522,70,176,352,458,491,18.9,P
D63470,63470,Montenegro,Quindío,4.565057,-75.749827,37483,1048,5423,12407,2.29,2398,48,120,240,312,314,33.1,F
D76622,76622,Roldanillo,Valle del Cauca,4.413601,-76.152277,38639,1519,6146,9296,1.51,2298,46,115,230,299,456,24.1,F
D76890,76890,Yotoco,Valle del Cauca,3.861241,-76.382698,16843,651,2522,6237,2.47,1610,32,80,161,209,195,37.0,F
D76828,76828,Trujillo,Valle del Cauca,4.212037,-76.318818,20058,605,3089,7897,2.56,1547,31,77,155,201,182,39.4,F
D76054,76054,Argelia,Valle del Cauca,4.726945,-76.119905,5538,598,1514,3700,2.44,1461,29,73,146,190,179,66.8,F
D17873,17873,Villamaría,Caldas,5.038925,-75.502487,74463,587,1084,2550,2.35,1381,28,69,138,180,176,3.4,F
D76400,76400,La Unión,Valle del Cauca,4.533869,-76.099661,34699,718,3824,7130,1.86,1339,27,67,134,174,215,20.5,F
D76823,76823,Toro,Valle del Cauca,4.608085,-76.076859,14922,565,2196,4986,2.27,1283,26,64,128,167,170,33.4,F
D76606,76606,Restrepo,Valle del Cauca,3.821351,-76.523329,16021,539,2180,5076,2.33,1255,25,63,126,163,162,31.7,P
D76895,76895,Zarzal,Valle del Cauca,4.392658,-76.070795,43993,546,2544,5325,2.09,1143,23,57,114,149,164,12.1,F
D76736,76736,Sevilla,Valle del Cauca,4.270714,-75.931629,44172,550,5228,10677,2.04,1123,22,56,112,146,165,24.2,F
D76246,76246,El Cairo,Valle del Cauca,4.760874,-76.221611,7010,447,1987,4563,2.3,1027,21,51,103,133,134,65.1,F
D76041,76041,Ansermanuevo,Valle del Cauca,4.794984,-75.992003,17825,501,2284,4512,1.98,990,20,49,99,129,150,25.3,R
D76377,76377,La Cumbre,Valle del Cauca,3.649268,-76.56805,18765,512,1726,3156,1.83,936,19,47,94,122,154,16.8,F
D66400,66400,La Virginia,Risaralda,4.896624,-75.880394,28386,417,1982,4408,2.22,927,19,46,93,121,125,15.5,R
D76113,76113,Bugalagrande,Valle del Cauca,4.208358,-76.15682,25527,584,2195,3427,1.56,912,18,46,91,119,175,13.4,P
D76616,76616,Riofrío,Valle del Cauca,4.156908,-76.288313,16207,421,2095,4418,2.11,888,18,44,89,115,126,27.3,F
D76122,76122,Caicedonia,Valle del Cauca,4.334808,-75.830594,30248,424,2620,4971,1.9,804,16,40,80,105,127,16.4,P
D63190,63190,Circasia,Quindío,4.617759,-75.636533,28971,409,2634,4714,1.79,732,15,37,73,95,123,16.3,F
D63130,63130,Calarcá,Quindío,4.520982,-75.646085,74399,450,6883,10370,1.51,678,14,34,68,88,135,13.9,F
