id_demanda,id_sitio,km,km_OSRM,fuente_km,municipio_origen,sitio_destino,km_linea_recta,razon_carretera_recta,factible_180km,costo_transporte_persona_COP,fuente
D66001,C01,195.0,188.597,Google Maps,Pereira,Palmira,155.485,1.254,0,97500.0,"Google Maps (modo carro), consulta 1-oct-2026"
D66001,C02,117.0,117.184,Google Maps,Pereira,Tuluá,95.972,1.219,1,58500.0,"Google Maps (modo carro), consulta 1-oct-2026"
D66001,C03,230.0,229.412,Google Maps,Pereira,Jamundí,194.444,1.183,0,115000.0,"Google Maps (modo carro), consulta 1-oct-2026"
D66001,C04,30.4,30.343,Google Maps,Pereira,Cartago,23.729,1.281,1,15200.0,"Google Maps (modo carro), consulta 1-oct-2026"
D66001,C05,141.912,141.912,OSRM,Pereira,Guadalajara de Buga,119.31,1.189,1,70956.15,"OSRM table v1 driving (OpenStreetMap), consulta 30-sep-2026"
D66001,C06,203.0,202.132,Google Maps,Pereira,Candelaria,170.148,1.193,0,101500.0,"Google Maps (modo carro), consulta 1-oct-2026"
D66001,C07,200.0,198.742,Google Maps,Pereira,Yumbo,165.13,1.211,0,100000.0,"Google Maps (modo carro), consulta 1-oct-2026"
D66001,C08,222.0,220.258,Google Maps,Pereira,Florida,174.272,1.274,0,111000.0,"Google Maps (modo carro), consulta 1-oct-2026"
D66001,C09,170.0,168.385,Google Maps,Pereira,El Cerrito,140.869,1.207,1,85000.0,"Google Maps (modo carro), consulta 1-oct-2026"
D66001,C10,206.0,206.336,Google Maps,Pereira,Pradera,164.551,1.252,0,103000.0,"Google Maps (modo carro), consulta 1-oct-2026"
D66001,C11,159.36,159.36,OSRM,Pereira,Guacarí,134.343,1.186,1,79679.95,"OSRM table v1 driving (OpenStreetMap), consulta 30-sep-2026"
D66001,C12,172.0,171.073,Google Maps,Pereira,Ginebra,134.687,1.277,1,86000.0,"Google Maps (modo carro), consulta 1-oct-2026"
D66001,C13,33.0,32.555,Google Maps,Pereira,Chinchiná,23.583,1.399,1,16500.0,"Google Maps (modo carro), consulta 1-oct-2026"
D66001,C14,107.228,107.228,OSRM,Pereira,Supía,71.792,1.494,1,53614.05,"OSRM table v1 driving (OpenStreetMap), consulta 30-sep-2026"
D66001,C15,178.0,173.997,Google Maps,Pereira,Aguadas,94.221,1.889,1,89000.0,"Google Maps (modo carro), consulta 1-oct-2026"
D66001,C16,192.0,190.347,Google Maps,Pereira,Pensilvania,89.296,2.15,0,96000.0,"Google Maps (modo carro), consulta 1-oct-2026"
D66001,C17,223.0,269.932,Google Maps,Pereira,La Dorada,137.345,1.624,0,111500.0,"Google Maps (modo carro), consulta 1-oct-2026"
D66001,R01,67.062,67.062,OSRM,Pereira,La Tebaida,39.758,1.687,1,33531.2,"OSRM table v1 driving (OpenStreetMap), consulta 30-sep-2026"
D76001,C01,34.4,33.065,Google Maps,Cali,Palmira,27.956,1.231,1,17200.0,"Google Maps (modo carro), consulta 1-oct-2026"
D76001,C02,96.5,100.946,Google Maps,Cali,Tuluá,82.873,1.164,1,48250.0,"Google Maps (modo carro), consulta 1-oct-2026"
D76001,C03,19.6,19.459,Google Maps,Cali,Jamundí,17.333,1.131,1,9800.0,"Google Maps (modo carro), consulta 1-oct-2026"
D76001,C04,185.0,189.334,Google Maps,Cali,Cartago,161.882,1.143,0,92500.0,"Google Maps (modo carro), consulta 1-oct-2026"
D76001,C05,74.523,74.523,OSRM,Cali,Guadalajara de Buga,59.513,1.252,1,37261.4,"OSRM table v1 driving (OpenStreetMap), consulta 30-sep-2026"
D76001,C06,27.699,27.699,OSRM,Cali,Candelaria,19.413,1.427,1,13849.6,"OSRM table v1 driving (OpenStreetMap), consulta 30-sep-2026"
D76001,C07,17.734,17.734,OSRM,Cali,Yumbo,14.256,1.244,1,8867.2,"OSRM table v1 driving (OpenStreetMap), consulta 30-sep-2026"
D76001,C08,41.817,41.817,OSRM,Cali,Florida,33.392,1.252,1,20908.7,"OSRM table v1 driving (OpenStreetMap), consulta 30-sep-2026"
D76001,C09,50.27,50.27,OSRM,Cali,El Cerrito,38.011,1.323,1,25135.2,"OSRM table v1 driving (OpenStreetMap), consulta 30-sep-2026"
D76001,C10,41.372,41.372,OSRM,Cali,Pradera,31.035,1.333,1,20686.2,"OSRM table v1 driving (OpenStreetMap), consulta 30-sep-2026"
D76001,C11,58.964,58.964,OSRM,Cali,Guacarí,44.103,1.337,1,29481.85,"OSRM table v1 driving (OpenStreetMap), consulta 30-sep-2026"
D76001,C12,55.908,55.908,OSRM,Cali,Ginebra,44.52,1.256,1,27953.95,"OSRM table v1 driving (OpenStreetMap), consulta 30-sep-2026"
D76001,C13,245.096,245.096,OSRM,Cali,Chinchiná,202.003,1.213,0,122548.2,"OSRM table v1 driving (OpenStreetMap), consulta 30-sep-2026"
D76001,C14,301.181,301.181,OSRM,Cali,Supía,245.862,1.225,0,150590.45,"OSRM table v1 driving (OpenStreetMap), consulta 30-sep-2026"
D76001,C15,366.148,366.148,OSRM,Cali,Aguadas,271.348,1.349,0,183074.25,"OSRM table v1 driving (OpenStreetMap), consulta 30-sep-2026"
D76001,C16,402.889,402.889,OSRM,Cali,Pensilvania,265.955,1.515,0,201444.45,"OSRM table v1 driving (OpenStreetMap), consulta 30-sep-2026"
D76001,C17,432.612,432.612,OSRM,Cali,La Dorada,306.578,1.411,0,216306.05,"OSRM table v1 driving (OpenStreetMap), consulta 30-sep-2026"
D76001,R01,169.0,172.704,Google Maps,Cali,La Tebaida,141.467,1.195,1,84500.0,"Google Maps (modo carro), consulta 1-oct-2026"
D76109,C01,144.0,153.83,Google Maps,Buenaventura,Palmira,87.776,1.641,1,72000.0,"Google Maps (modo carro), consulta 1-oct-2026"
D76109,C02,135.102,135.102,OSRM,Buenaventura,Tuluá,93.15,1.45,1,67550.75,"OSRM table v1 driving (OpenStreetMap), consulta 30-sep-2026"
D76109,C03,137.589,137.589,OSRM,Buenaventura,Jamundí,86.333,1.594,1,68794.3,"OSRM table v1 driving (OpenStreetMap), consulta 30-sep-2026"
D76109,C04,225.0,223.49,Google Maps,Buenaventura,Cartago,154.249,1.459,0,112500.0,"Google Maps (modo carro), consulta 1-oct-2026"
D76109,C05,111.0,110.009,Google Maps,Buenaventura,Guadalajara de Buga,79.011,1.405,1,55500.0,"Google Maps (modo carro), consulta 1-oct-2026"
D76109,C06,140.776,140.776,OSRM,Buenaventura,Candelaria,90.186,1.561,1,70387.95,"OSRM table v1 driving (OpenStreetMap), consulta 30-sep-2026"
D76109,C07,128.353,128.353,OSRM,Buenaventura,Yumbo,67.866,1.891,1,64176.65,"OSRM table v1 driving (OpenStreetMap), consulta 30-sep-2026"
D76109,C08,154.894,154.894,OSRM,Buenaventura,Florida,105.775,1.464,1,77447.0,"OSRM table v1 driving (OpenStreetMap), consulta 30-sep-2026"
D76109,C09,133.618,133.618,OSRM,Buenaventura,El Cerrito,80.401,1.662,1,66808.75,"OSRM table v1 driving (OpenStreetMap), consulta 30-sep-2026"
D76109,C10,155.0,171.568,Google Maps,Buenaventura,Pradera,99.253,1.562,1,77500.0,"Google Maps (modo carro), consulta 1-oct-2026"
D76109,C11,124.592,124.592,OSRM,Buenaventura,Guacarí,76.482,1.629,1,62296.05,"OSRM table v1 driving (OpenStreetMap), consulta 30-sep-2026"
D76109,C12,136.305,136.305,OSRM,Buenaventura,Ginebra,84.105,1.621,1,68152.4,"OSRM table v1 driving (OpenStreetMap), consulta 30-sep-2026"
D76109,C13,279.252,279.252,OSRM,Buenaventura,Chinchiná,198.545,1.406,0,139626.15,"OSRM table v1 driving (OpenStreetMap), consulta 30-sep-2026"
D76109,C14,335.337,335.337,OSRM,Buenaventura,Supía,230.811,1.453,0,167668.4,"OSRM table v1 driving (OpenStreetMap), consulta 30-sep-2026"
D76109,C15,400.304,400.304,OSRM,Buenaventura,Aguadas,258.695,1.547,0,200152.2,"OSRM table v1 driving (OpenStreetMap), consulta 30-sep-2026"
D76109,C16,437.045,437.045,OSRM,Buenaventura,Pensilvania,264.878,1.65,0,218522.4,"OSRM table v1 driving (OpenStreetMap), consulta 30-sep-2026"
D76109,C17,466.768,466.768,OSRM,Buenaventura,La Dorada,313.73,1.488,0,233384.0,"OSRM table v1 driving (OpenStreetMap), consulta 30-sep-2026"
D76109,R01,208.0,206.86,Google Maps,Buenaventura,La Tebaida,150.177,1.385,0,104000.0,"Google Maps (modo carro), consulta 1-oct-2026"
D63001,C01,167.0,164.851,Google Maps,Armenia,Palmira,131.049,1.274,1,83500.0,"Google Maps (modo carro), consulta 1-oct-2026"
D63001,C02,89.1,93.437,Google Maps,Armenia,Tuluá,76.13,1.17,1,44550.0,"Google Maps (modo carro), consulta 1-oct-2026"
D63001,C03,202.0,205.665,Google Maps,Armenia,Jamundí,170.948,1.182,0,101000.0,"Google Maps (modo carro), consulta 1-oct-2026"
D63001,C04,53.4,53.196,Google Maps,Armenia,Cartago,35.421,1.508,1,26700.0,"Google Maps (modo carro), consulta 1-oct-2026"
D63001,C05,118.166,118.166,OSRM,Armenia,Guadalajara de Buga,98.433,1.2,1,59082.75,"OSRM table v1 driving (OpenStreetMap), consulta 30-sep-2026"
D63001,C06,174.0,178.385,Google Maps,Armenia,Candelaria,145.517,1.196,1,87000.0,"Google Maps (modo carro), consulta 1-oct-2026"
D63001,C07,171.0,174.995,Google Maps,Armenia,Yumbo,143.238,1.194,1,85500.0,"Google Maps (modo carro), consulta 1-oct-2026"
D63001,C08,193.0,196.511,Google Maps,Armenia,Florida,148.079,1.303,0,96500.0,"Google Maps (modo carro), consulta 1-oct-2026"
D63001,C09,144.638,144.638,OSRM,Armenia,El Cerrito,117.773,1.228,1,72319.25,"OSRM table v1 driving (OpenStreetMap), consulta 30-sep-2026"
D63001,C10,178.0,182.589,Google Maps,Armenia,Pradera,138.842,1.282,1,89000.0,"Google Maps (modo carro), consulta 1-oct-2026"
D63001,C11,135.613,135.613,OSRM,Armenia,Guacarí,112.289,1.208,1,67806.6,"OSRM table v1 driving (OpenStreetMap), consulta 30-sep-2026"
D63001,C12,147.326,147.326,OSRM,Armenia,Ginebra,111.313,1.324,1,73662.95,"OSRM table v1 driving (OpenStreetMap), consulta 30-sep-2026"
D63001,C13,76.69,76.69,OSRM,Armenia,Chinchiná,50.609,1.515,1,38345.1,"OSRM table v1 driving (OpenStreetMap), consulta 30-sep-2026"
D63001,C14,151.364,151.364,OSRM,Armenia,Supía,101.342,1.494,1,75681.75,"OSRM table v1 driving (OpenStreetMap), consulta 30-sep-2026"
D63001,C15,220.0,218.132,Google Maps,Armenia,Aguadas,122.045,1.803,0,110000.0,"Google Maps (modo carro), consulta 1-oct-2026"
D63001,C16,289.123,289.123,OSRM,Armenia,Pensilvania,110.459,2.617,0,144561.3,"OSRM table v1 driving (OpenStreetMap), consulta 30-sep-2026"
D63001,C17,244.0,243.284,Google Maps,Armenia,La Dorada,152.123,1.604,0,122000.0,"Google Maps (modo carro), consulta 1-oct-2026"
D63001,R01,20.15,20.15,OSRM,Armenia,La Tebaida,14.897,1.353,1,10074.9,"OSRM table v1 driving (OpenStreetMap), consulta 30-sep-2026"
D66170,C01,199.0,192.26,Google Maps,Dosquebradas,Palmira,160.397,1.241,0,99500.0,"Google Maps (modo carro), consulta 1-oct-2026"
D66170,C02,120.846,120.846,OSRM,Dosquebradas,Tuluá,101.322,1.193,1,60423.25,"OSRM table v1 driving (OpenStreetMap), consulta 30-sep-2026"
D66170,C03,233.074,233.074,OSRM,Dosquebradas,Jamundí,199.528,1.168,0,116537.1,"OSRM table v1 driving (OpenStreetMap), consulta 30-sep-2026"
D66170,C04,34.006,34.006,OSRM,Dosquebradas,Cartago,29.386,1.157,1,17002.75,"OSRM table v1 driving (OpenStreetMap), consulta 30-sep-2026"
D66170,C05,145.575,145.575,OSRM,Dosquebradas,Guadalajara de Buga,124.617,1.168,1,72787.35,"OSRM table v1 driving (OpenStreetMap), consulta 30-sep-2026"
D66170,C06,207.0,205.794,Google Maps,Dosquebradas,Candelaria,175.042,1.183,0,103500.0,"Google Maps (modo carro), consulta 1-oct-2026"
D66170,C07,203.0,202.405,Google Maps,Dosquebradas,Yumbo,170.391,1.191,0,101500.0,"Google Maps (modo carro), consulta 1-oct-2026"
D66170,C08,226.0,223.92,Google Maps,Dosquebradas,Florida,178.876,1.263,0,113000.0,"Google Maps (modo carro), consulta 1-oct-2026"
D66170,C09,174.0,172.048,Google Maps,Dosquebradas,El Cerrito,145.958,1.192,1,87000.0,"Google Maps (modo carro), consulta 1-oct-2026"
D66170,C10,210.0,209.998,Google Maps,Dosquebradas,Pradera,169.246,1.241,0,105000.0,"Google Maps (modo carro), consulta 1-oct-2026"
D66170,C11,164.0,163.022,Google Maps,Dosquebradas,Guacarí,139.55,1.175,1,82000.0,"Google Maps (modo carro), consulta 1-oct-2026"
D66170,C12,175.0,174.735,Google Maps,Dosquebradas,Ginebra,139.73,1.252,1,87500.0,"Google Maps (modo carro), consulta 1-oct-2026"
D66170,C13,26.065,26.065,OSRM,Dosquebradas,Chinchiná,18.507,1.408,1,13032.6,"OSRM table v1 driving (OpenStreetMap), consulta 30-sep-2026"
D66170,C14,100.738,100.738,OSRM,Dosquebradas,Supía,68.301,1.475,1,50369.25,"OSRM table v1 driving (OpenStreetMap), consulta 30-sep-2026"
D66170,C15,171.0,167.508,Google Maps,Dosquebradas,Aguadas,89.795,1.904,1,85500.0,"Google Maps (modo carro), consulta 1-oct-2026"
D66170,C16,185.0,183.858,Google Maps,Dosquebradas,Pensilvania,83.645,2.212,0,92500.0,"Google Maps (modo carro), consulta 1-oct-2026"
D66170,C17,216.0,263.443,Google Maps,Dosquebradas,La Dorada,131.52,1.642,0,108000.0,"Google Maps (modo carro), consulta 1-oct-2026"
D66170,R01,68.819,68.819,OSRM,Dosquebradas,La Tebaida,43.958,1.566,1,34409.3,"OSRM table v1 driving (OpenStreetMap), consulta 30-sep-2026"
D17001,C01,241.984,241.984,OSRM,Manizales,Palmira,191.885,1.261,0,120991.95,"OSRM table v1 driving (OpenStreetMap), consulta 30-sep-2026"
D17001,C02,171.0,170.571,Google Maps,Manizales,Tuluá,133.505,1.281,1,85500.0,"Google Maps (modo carro), consulta 1-oct-2026"
D17001,C03,282.798,282.798,OSRM,Manizales,Jamundí,231.311,1.223,0,141399.15,"OSRM table v1 driving (OpenStreetMap), consulta 30-sep-2026"
D17001,C04,83.73,83.73,OSRM,Manizales,Cartago,59.46,1.408,1,41864.8,"OSRM table v1 driving (OpenStreetMap), consulta 30-sep-2026"
D17001,C05,196.0,195.299,Google Maps,Manizales,Guadalajara de Buga,156.752,1.25,0,98000.0,"Google Maps (modo carro), consulta 1-oct-2026"
D17001,C06,255.518,255.518,OSRM,Manizales,Candelaria,206.477,1.238,0,127759.05,"OSRM table v1 driving (OpenStreetMap), consulta 30-sep-2026"
D17001,C07,252.129,252.129,OSRM,Manizales,Yumbo,202.455,1.245,0,126064.35,"OSRM table v1 driving (OpenStreetMap), consulta 30-sep-2026"
D17001,C08,273.645,273.645,OSRM,Manizales,Florida,209.64,1.305,0,136822.3,"OSRM table v1 driving (OpenStreetMap), consulta 30-sep-2026"
D17001,C09,223.0,221.772,Google Maps,Manizales,El Cerrito,177.784,1.254,0,111500.0,"Google Maps (modo carro), consulta 1-oct-2026"
D17001,C10,259.723,259.723,OSRM,Manizales,Pradera,200.248,1.297,0,129861.25,"OSRM table v1 driving (OpenStreetMap), consulta 30-sep-2026"
D17001,C11,212.0,212.746,Google Maps,Manizales,Guacarí,171.558,1.236,0,106000.0,"Google Maps (modo carro), consulta 1-oct-2026"
D17001,C12,224.0,224.459,Google Maps,Manizales,Ginebra,171.485,1.306,0,112000.0,"Google Maps (modo carro), consulta 1-oct-2026"
D17001,C13,27.6,27.502,Google Maps,Manizales,Chinchiná,15.212,1.814,1,13800.0,"Google Maps (modo carro), consulta 1-oct-2026"
D17001,C14,81.988,81.988,OSRM,Manizales,Supía,46.705,1.755,1,40993.8,"OSRM table v1 driving (OpenStreetMap), consulta 30-sep-2026"
D17001,C15,122.567,122.567,OSRM,Manizales,Aguadas,61.575,1.991,1,61283.4,"OSRM table v1 driving (OpenStreetMap), consulta 30-sep-2026"
D17001,C16,135.0,134.173,Google Maps,Manizales,Pensilvania,51.5,2.621,1,67500.0,"Google Maps (modo carro), consulta 1-oct-2026"
D17001,C17,166.0,213.843,Google Maps,Manizales,La Dorada,101.48,1.636,1,83000.0,"Google Maps (modo carro), consulta 1-oct-2026"
D17001,R01,118.927,118.927,OSRM,Manizales,La Tebaida,74.727,1.591,1,59463.7,"OSRM table v1 driving (OpenStreetMap), consulta 30-sep-2026"
D66682,C01,210.0,202.653,Google Maps,Santa Rosa de Cabal,Palmira,167.245,1.256,0,105000.0,"Google Maps (modo carro), consulta 1-oct-2026"
D66682,C02,131.239,131.239,OSRM,Santa Rosa de Cabal,Tuluá,108.577,1.209,1,65619.65,"OSRM table v1 driving (OpenStreetMap), consulta 30-sep-2026"
D66682,C03,243.467,243.467,OSRM,Santa Rosa de Cabal,Jamundí,206.527,1.179,0,121733.5,"OSRM table v1 driving (OpenStreetMap), consulta 30-sep-2026"
D66682,C04,44.398,44.398,OSRM,Santa Rosa de Cabal,Cartago,36.543,1.215,1,22199.15,"OSRM table v1 driving (OpenStreetMap), consulta 30-sep-2026"
D66682,C05,155.968,155.968,OSRM,Santa Rosa de Cabal,Guadalajara de Buga,131.829,1.183,1,77983.8,"OSRM table v1 driving (OpenStreetMap), consulta 30-sep-2026"
D66682,C06,218.0,216.187,Google Maps,Santa Rosa de Cabal,Candelaria,181.868,1.199,0,109000.0,"Google Maps (modo carro), consulta 1-oct-2026"
D66682,C07,215.0,212.798,Google Maps,Santa Rosa de Cabal,Yumbo,177.552,1.211,0,107500.0,"Google Maps (modo carro), consulta 1-oct-2026"
D66682,C08,234.313,234.313,OSRM,Santa Rosa de Cabal,Florida,185.415,1.264,0,117156.65,"OSRM table v1 driving (OpenStreetMap), consulta 30-sep-2026"
D66682,C09,185.0,182.441,Google Maps,Santa Rosa de Cabal,El Cerrito,152.974,1.209,0,92500.0,"Google Maps (modo carro), consulta 1-oct-2026"
D66682,C10,222.0,220.391,Google Maps,Santa Rosa de Cabal,Pradera,175.881,1.262,0,111000.0,"Google Maps (modo carro), consulta 1-oct-2026"
D66682,C11,175.0,173.415,Google Maps,Santa Rosa de Cabal,Guacarí,146.673,1.193,1,87500.0,"Google Maps (modo carro), consulta 1-oct-2026"
D66682,C12,187.0,185.128,Google Maps,Santa Rosa de Cabal,Ginebra,146.707,1.275,0,93500.0,"Google Maps (modo carro), consulta 1-oct-2026"
D66682,C13,14.7,14.7,OSRM,Santa Rosa de Cabal,Chinchiná,12.24,1.201,1,7350.05,"OSRM table v1 driving (OpenStreetMap), consulta 30-sep-2026"
D66682,C14,89.373,89.373,OSRM,Santa Rosa de Cabal,Supía,63.512,1.407,1,44686.7,"OSRM table v1 driving (OpenStreetMap), consulta 30-sep-2026"
D66682,C15,156.142,156.142,OSRM,Santa Rosa de Cabal,Aguadas,83.717,1.865,1,78071.2,"OSRM table v1 driving (OpenStreetMap), consulta 30-sep-2026"
D66682,C16,173.0,172.493,Google Maps,Santa Rosa de Cabal,Pensilvania,76.206,2.27,1,86500.0,"Google Maps (modo carro), consulta 1-oct-2026"
D66682,C17,204.0,252.077,Google Maps,Santa Rosa de Cabal,La Dorada,124.085,1.644,0,102000.0,"Google Maps (modo carro), consulta 1-oct-2026"
D66682,R01,79.596,79.596,OSRM,Santa Rosa de Cabal,La Tebaida,50.36,1.581,1,39798.1,"OSRM table v1 driving (OpenStreetMap), consulta 30-sep-2026"
D63594,C01,194.0,187.368,Google Maps,Quimbaya,Palmira,135.173,1.435,0,97000.0,"Google Maps (modo carro), consulta 1-oct-2026"
D63594,C02,115.955,115.955,OSRM,Quimbaya,Tuluá,76.766,1.51,1,57977.45,"OSRM table v1 driving (OpenStreetMap), consulta 30-sep-2026"
D63594,C03,229.0,228.183,Google Maps,Quimbaya,Jamundí,174.412,1.313,0,114500.0,"Google Maps (modo carro), consulta 1-oct-2026"
D63594,C04,31.987,31.987,OSRM,Quimbaya,Cartago,21.983,1.455,1,15993.6,"OSRM table v1 driving (OpenStreetMap), consulta 30-sep-2026"
D63594,C05,140.683,140.683,OSRM,Quimbaya,Guadalajara de Buga,99.899,1.408,1,70341.6,"OSRM table v1 driving (OpenStreetMap), consulta 30-sep-2026"
D63594,C06,202.0,200.902,Google Maps,Quimbaya,Candelaria,149.81,1.348,0,101000.0,"Google Maps (modo carro), consulta 1-oct-2026"
D63594,C07,199.0,197.513,Google Maps,Quimbaya,Yumbo,145.529,1.367,0,99500.0,"Google Maps (modo carro), consulta 1-oct-2026"
D63594,C08,221.0,219.029,Google Maps,Quimbaya,Florida,153.663,1.438,0,110500.0,"Google Maps (modo carro), consulta 1-oct-2026"
D63594,C09,169.0,167.156,Google Maps,Quimbaya,El Cerrito,120.861,1.398,1,84500.0,"Google Maps (modo carro), consulta 1-oct-2026"
D63594,C10,205.0,205.107,Google Maps,Quimbaya,Pradera,144.005,1.424,0,102500.0,"Google Maps (modo carro), consulta 1-oct-2026"
D63594,C11,158.131,158.131,OSRM,Quimbaya,Guacarí,114.616,1.38,1,79065.4,"OSRM table v1 driving (OpenStreetMap), consulta 30-sep-2026"
D63594,C12,170.0,169.844,Google Maps,Quimbaya,Ginebra,114.592,1.484,1,85000.0,"Google Maps (modo carro), consulta 1-oct-2026"
D63594,C13,65.912,65.912,OSRM,Quimbaya,Chinchiná,43.757,1.506,1,32955.95,"OSRM table v1 driving (OpenStreetMap), consulta 30-sep-2026"
D63594,C14,144.042,144.042,OSRM,Quimbaya,Supía,92.342,1.56,1,72020.9,"OSRM table v1 driving (OpenStreetMap), consulta 30-sep-2026"
D63594,C15,218.0,209.009,Google Maps,Quimbaya,Aguadas,114.88,1.898,0,109000.0,"Google Maps (modo carro), consulta 1-oct-2026"
D63594,C16,242.0,223.704,Google Maps,Quimbaya,Pensilvania,107.744,2.246,0,121000.0,"Google Maps (modo carro), consulta 1-oct-2026"
D63594,C17,263.412,263.412,OSRM,Quimbaya,La Dorada,152.953,1.722,0,131705.9,"OSRM table v1 driving (OpenStreetMap), consulta 30-sep-2026"
D63594,R01,28.45,28.45,OSRM,Quimbaya,La Tebaida,19.127,1.487,1,14224.95,"OSRM table v1 driving (OpenStreetMap), consulta 30-sep-2026"
D76233,C01,74.98,74.98,OSRM,Dagua,Palmira,45.486,1.648,1,37489.75,"OSRM table v1 driving (OpenStreetMap), consulta 30-sep-2026"
D76233,C02,94.755,94.755,OSRM,Dagua,Tuluá,72.35,1.31,1,47377.55,"OSRM table v1 driving (OpenStreetMap), consulta 30-sep-2026"
D76233,C03,70.298,70.298,OSRM,Dagua,Jamundí,47.358,1.484,1,35148.75,"OSRM table v1 driving (OpenStreetMap), consulta 30-sep-2026"
D76233,C04,184.0,183.143,Google Maps,Dagua,Cartago,147.443,1.248,0,92000.0,"Google Maps (modo carro), consulta 1-oct-2026"
D76233,C05,69.663,69.663,OSRM,Dagua,Guadalajara de Buga,51.029,1.365,1,34831.3,"OSRM table v1 driving (OpenStreetMap), consulta 30-sep-2026"
D76233,C06,73.485,73.485,OSRM,Dagua,Candelaria,47.01,1.563,1,36742.4,"OSRM table v1 driving (OpenStreetMap), consulta 30-sep-2026"
D76233,C07,61.062,61.062,OSRM,Dagua,Yumbo,24.691,2.473,1,30531.1,"OSRM table v1 driving (OpenStreetMap), consulta 30-sep-2026"
D76233,C08,87.603,87.603,OSRM,Dagua,Florida,62.603,1.399,1,43801.45,"OSRM table v1 driving (OpenStreetMap), consulta 30-sep-2026"
D76233,C09,93.271,93.271,OSRM,Dagua,El Cerrito,41.929,2.224,1,46635.55,"OSRM table v1 driving (OpenStreetMap), consulta 30-sep-2026"
D76233,C10,92.666,92.666,OSRM,Dagua,Pradera,56.208,1.649,1,46332.85,"OSRM table v1 driving (OpenStreetMap), consulta 30-sep-2026"
D76233,C11,84.246,84.246,OSRM,Dagua,Guacarí,41.384,2.036,1,42122.9,"OSRM table v1 driving (OpenStreetMap), consulta 30-sep-2026"
D76233,C12,95.958,95.958,OSRM,Dagua,Ginebra,47.281,2.03,1,47979.2,"OSRM table v1 driving (OpenStreetMap), consulta 30-sep-2026"
D76233,C13,238.906,238.906,OSRM,Dagua,Chinchiná,190.203,1.256,0,119452.95,"OSRM table v1 driving (OpenStreetMap), consulta 30-sep-2026"
D76233,C14,294.99,294.99,OSRM,Dagua,Supía,229.92,1.283,0,147495.2,"OSRM table v1 driving (OpenStreetMap), consulta 30-sep-2026"
D76233,C15,359.958,359.958,OSRM,Dagua,Aguadas,256.631,1.403,0,179979.05,"OSRM table v1 driving (OpenStreetMap), consulta 30-sep-2026"
D76233,C16,396.698,396.698,OSRM,Dagua,Pensilvania,256.009,1.55,0,198349.2,"OSRM table v1 driving (OpenStreetMap), consulta 30-sep-2026"
D76233,C17,426.422,426.422,OSRM,Dagua,La Dorada,300.579,1.419,0,213210.8,"OSRM table v1 driving (OpenStreetMap), consulta 30-sep-2026"
D76233,R01,167.0,166.514,Google Maps,Dagua,La Tebaida,133.609,1.25,1,83500.0,"Google Maps (modo carro), consulta 1-oct-2026"
D63470,C01,168.0,162.183,Google Maps,Montenegro,Palmira,130.058,1.292,1,84000.0,"Google Maps (modo carro), consulta 1-oct-2026"
D63470,C02,90.769,90.769,OSRM,Montenegro,Tuluá,72.877,1.246,1,45384.6,"OSRM table v1 driving (OpenStreetMap), consulta 30-sep-2026"
D63470,C03,203.0,202.997,Google Maps,Montenegro,Jamundí,169.567,1.197,0,101500.0,"Google Maps (modo carro), consulta 1-oct-2026"
D63470,C04,41.819,41.819,OSRM,Montenegro,Cartago,27.608,1.515,1,20909.7,"OSRM table v1 driving (OpenStreetMap), consulta 30-sep-2026"
D63470,C05,115.498,115.498,OSRM,Montenegro,Guadalajara de Buga,95.734,1.206,1,57748.75,"OSRM table v1 driving (OpenStreetMap), consulta 30-sep-2026"
D63470,C06,176.0,175.717,Google Maps,Montenegro,Candelaria,144.651,1.217,1,88000.0,"Google Maps (modo carro), consulta 1-oct-2026"
D63470,C07,173.0,172.327,Google Maps,Montenegro,Yumbo,141.105,1.226,1,86500.0,"Google Maps (modo carro), consulta 1-oct-2026"
D63470,C08,195.0,193.843,Google Maps,Montenegro,Florida,148.079,1.317,0,97500.0,"Google Maps (modo carro), consulta 1-oct-2026"
D63470,C09,141.97,141.97,OSRM,Montenegro,El Cerrito,116.103,1.223,1,70985.25,"OSRM table v1 driving (OpenStreetMap), consulta 30-sep-2026"
D63470,C10,180.0,179.921,Google Maps,Montenegro,Pradera,138.548,1.299,1,90000.0,"Google Maps (modo carro), consulta 1-oct-2026"
D63470,C11,132.945,132.945,OSRM,Montenegro,Guacarí,110.138,1.207,1,66472.55,"OSRM table v1 driving (OpenStreetMap), consulta 30-sep-2026"
D63470,C12,144.658,144.658,OSRM,Montenegro,Ginebra,109.753,1.318,1,72328.9,"OSRM table v1 driving (OpenStreetMap), consulta 30-sep-2026"
D63470,C13,75.744,75.744,OSRM,Montenegro,Chinchiná,49.31,1.536,1,37872.05,"OSRM table v1 driving (OpenStreetMap), consulta 30-sep-2026"
D63470,C14,153.874,153.874,OSRM,Montenegro,Supía,98.676,1.559,1,76937.0,"OSRM table v1 driving (OpenStreetMap), consulta 30-sep-2026"
D63470,C15,224.0,218.842,Google Maps,Montenegro,Aguadas,120.724,1.855,0,112000.0,"Google Maps (modo carro), consulta 1-oct-2026"
D63470,C16,299.558,299.558,OSRM,Montenegro,Pensilvania,111.994,2.675,0,149778.95,"OSRM table v1 driving (OpenStreetMap), consulta 30-sep-2026"
D63470,C17,254.0,253.719,Google Maps,Montenegro,La Dorada,155.754,1.631,0,127000.0,"Google Maps (modo carro), consulta 1-oct-2026"
D63470,R01,19.538,19.538,OSRM,Montenegro,La Tebaida,13.04,1.498,1,9769.15,"OSRM table v1 driving (OpenStreetMap), consulta 30-sep-2026"
D76622,C01,118.704,118.704,OSRM,Roldanillo,Palmira,99.419,1.194,1,59352.2,"OSRM table v1 driving (OpenStreetMap), consulta 30-sep-2026"
D76622,C02,47.291,47.291,OSRM,Roldanillo,Tuluá,36.841,1.284,1,23645.55,"OSRM table v1 driving (OpenStreetMap), consulta 30-sep-2026"
D76622,C03,159.519,159.519,OSRM,Roldanillo,Jamundí,135.373,1.178,1,79759.4,"OSRM table v1 driving (OpenStreetMap), consulta 30-sep-2026"
D76622,C04,58.664,58.664,OSRM,Roldanillo,Cartago,44.42,1.321,1,29331.95,"OSRM table v1 driving (OpenStreetMap), consulta 30-sep-2026"
D76622,C05,72.019,72.019,OSRM,Roldanillo,Guadalajara de Buga,59.303,1.214,1,36009.65,"OSRM table v1 driving (OpenStreetMap), consulta 30-sep-2026"
D76622,C06,132.239,132.239,OSRM,Roldanillo,Candelaria,113.837,1.162,1,66119.3,"OSRM table v1 driving (OpenStreetMap), consulta 30-sep-2026"
D76622,C07,123.028,123.028,OSRM,Roldanillo,Yumbo,104.503,1.177,1,61514.15,"OSRM table v1 driving (OpenStreetMap), consulta 30-sep-2026"
D76622,C08,150.365,150.365,OSRM,Roldanillo,Florida,121.486,1.238,1,75182.5,"OSRM table v1 driving (OpenStreetMap), consulta 30-sep-2026"
D76622,C09,98.492,98.492,OSRM,Roldanillo,El Cerrito,83.014,1.186,1,49246.15,"OSRM table v1 driving (OpenStreetMap), consulta 30-sep-2026"
D76622,C10,136.443,136.443,OSRM,Roldanillo,Pradera,110.952,1.23,1,68221.5,"OSRM table v1 driving (OpenStreetMap), consulta 30-sep-2026"
D76622,C11,89.467,89.467,OSRM,Roldanillo,Guacarí,75.135,1.191,1,44733.5,"OSRM table v1 driving (OpenStreetMap), consulta 30-sep-2026"
D76622,C12,101.18,101.18,OSRM,Roldanillo,Ginebra,77.728,1.302,1,50589.8,"OSRM table v1 driving (OpenStreetMap), consulta 30-sep-2026"
D76622,C13,114.427,114.427,OSRM,Roldanillo,Chinchiná,87.662,1.305,1,57213.3,"OSRM table v1 driving (OpenStreetMap), consulta 30-sep-2026"
D76622,C14,162.0,170.511,Google Maps,Roldanillo,Supía,127.673,1.269,1,81000.0,"Google Maps (modo carro), consulta 1-oct-2026"
D76622,C15,240.0,235.479,Google Maps,Roldanillo,Aguadas,153.86,1.56,0,120000.0,"Google Maps (modo carro), consulta 1-oct-2026"
D76622,C16,272.219,272.219,OSRM,Roldanillo,Pensilvania,153.96,1.768,0,136109.55,"OSRM table v1 driving (OpenStreetMap), consulta 30-sep-2026"
D76622,C17,316.182,316.182,OSRM,Roldanillo,La Dorada,201.413,1.57,0,158091.05,"OSRM table v1 driving (OpenStreetMap), consulta 30-sep-2026"
D76622,R01,56.274,56.274,OSRM,Roldanillo,La Tebaida,40.753,1.381,1,28137.05,"OSRM table v1 driving (OpenStreetMap), consulta 30-sep-2026"
D76890,C01,56.624,56.624,OSRM,Yotoco,Palmira,37.823,1.497,1,28312.15,"OSRM table v1 driving (OpenStreetMap), consulta 30-sep-2026"
D76890,C02,37.896,37.896,OSRM,Yotoco,Tuluá,32.284,1.174,1,18948.1,"OSRM table v1 driving (OpenStreetMap), consulta 30-sep-2026"
D76890,C03,77.426,77.426,OSRM,Yotoco,Jamundí,69.189,1.119,1,38713.0,"OSRM table v1 driving (OpenStreetMap), consulta 30-sep-2026"
D76890,C04,126.284,126.284,OSRM,Yotoco,Cartago,110.355,1.144,1,63142.15,"OSRM table v1 driving (OpenStreetMap), consulta 30-sep-2026"
D76890,C05,12.804,12.804,OSRM,Yotoco,Guadalajara de Buga,10.274,1.246,1,6401.85,"OSRM table v1 driving (OpenStreetMap), consulta 30-sep-2026"
D76890,C06,70.167,70.167,OSRM,Yotoco,Candelaria,50.519,1.389,1,35083.65,"OSRM table v1 driving (OpenStreetMap), consulta 30-sep-2026"
D76890,C07,44.26,44.26,OSRM,Yotoco,Yumbo,38.004,1.165,1,22130.25,"OSRM table v1 driving (OpenStreetMap), consulta 30-sep-2026"
D76890,C08,88.294,88.294,OSRM,Yotoco,Florida,61.957,1.425,1,44146.9,"OSRM table v1 driving (OpenStreetMap), consulta 30-sep-2026"
D76890,C09,36.412,36.412,OSRM,Yotoco,El Cerrito,21.19,1.718,1,18206.1,"OSRM table v1 driving (OpenStreetMap), consulta 30-sep-2026"
D76890,C10,74.363,74.363,OSRM,Yotoco,Pradera,51.517,1.443,1,37181.45,"OSRM table v1 driving (OpenStreetMap), consulta 30-sep-2026"
D76890,C11,27.387,27.387,OSRM,Yotoco,Guacarí,12.46,2.198,1,13693.4,"OSRM table v1 driving (OpenStreetMap), consulta 30-sep-2026"
D76890,C12,39.1,39.1,OSRM,Yotoco,Ginebra,19.85,1.97,1,19549.75,"OSRM table v1 driving (OpenStreetMap), consulta 30-sep-2026"
D76890,C13,185.0,182.047,Google Maps,Yotoco,Chinchiná,151.676,1.22,0,92500.0,"Google Maps (modo carro), consulta 1-oct-2026"
D76890,C14,239.0,238.132,Google Maps,Yotoco,Supía,194.127,1.231,0,119500.0,"Google Maps (modo carro), consulta 1-oct-2026"
D76890,C15,303.099,303.099,OSRM,Yotoco,Aguadas,219.985,1.378,0,151549.6,"OSRM table v1 driving (OpenStreetMap), consulta 30-sep-2026"
D76890,C16,339.84,339.84,OSRM,Yotoco,Pensilvania,216.79,1.568,0,169919.75,"OSRM table v1 driving (OpenStreetMap), consulta 30-sep-2026"
D76890,C17,369.563,369.563,OSRM,Yotoco,La Dorada,260.218,1.42,0,184781.35,"OSRM table v1 driving (OpenStreetMap), consulta 30-sep-2026"
D76890,R01,109.655,109.655,OSRM,Yotoco,La Tebaida,93.311,1.175,1,54827.35,"OSRM table v1 driving (OpenStreetMap), consulta 30-sep-2026"
D76828,C01,95.571,95.571,OSRM,Trujillo,Palmira,75.7,1.262,1,47785.55,"OSRM table v1 driving (OpenStreetMap), consulta 30-sep-2026"
D76828,C02,23.88,23.88,OSRM,Trujillo,Tuluá,19.458,1.227,1,11940.1,"OSRM table v1 driving (OpenStreetMap), consulta 30-sep-2026"
D76828,C03,136.385,136.385,OSRM,Trujillo,Jamundí,108.767,1.254,1,68192.7,"OSRM table v1 driving (OpenStreetMap), consulta 30-sep-2026"
D76828,C04,112.864,112.864,OSRM,Trujillo,Cartago,73.397,1.538,1,56432.2,"OSRM table v1 driving (OpenStreetMap), consulta 30-sep-2026"
D76828,C05,48.886,48.886,OSRM,Trujillo,Guadalajara de Buga,34.685,1.409,1,24443.0,"OSRM table v1 driving (OpenStreetMap), consulta 30-sep-2026"
D76828,C06,109.105,109.105,OSRM,Trujillo,Candelaria,89.418,1.22,1,54552.6,"OSRM table v1 driving (OpenStreetMap), consulta 30-sep-2026"
D76828,C07,95.238,95.238,OSRM,Trujillo,Yumbo,77.37,1.231,1,47619.25,"OSRM table v1 driving (OpenStreetMap), consulta 30-sep-2026"
D76828,C08,127.232,127.232,OSRM,Trujillo,Florida,99.178,1.283,1,63615.85,"OSRM table v1 driving (OpenStreetMap), consulta 30-sep-2026"
D76828,C09,75.359,75.359,OSRM,Trujillo,El Cerrito,58.695,1.284,1,37679.5,"OSRM table v1 driving (OpenStreetMap), consulta 30-sep-2026"
D76828,C10,113.31,113.31,OSRM,Trujillo,Pradera,88.507,1.28,1,56654.85,"OSRM table v1 driving (OpenStreetMap), consulta 30-sep-2026"
D76828,C11,66.334,66.334,OSRM,Trujillo,Guacarí,50.08,1.325,1,33166.8,"OSRM table v1 driving (OpenStreetMap), consulta 30-sep-2026"
D76828,C12,78.046,78.046,OSRM,Trujillo,Ginebra,54.539,1.431,1,39023.15,"OSRM table v1 driving (OpenStreetMap), consulta 30-sep-2026"
D76828,C13,171.0,168.627,Google Maps,Trujillo,Chinchiná,116.649,1.466,1,85500.0,"Google Maps (modo carro), consulta 1-oct-2026"
D76828,C14,211.0,224.712,Google Maps,Trujillo,Supía,156.043,1.352,0,105500.0,"Google Maps (modo carro), consulta 1-oct-2026"
D76828,C15,289.679,289.679,OSRM,Trujillo,Aguadas,182.573,1.587,0,144839.65,"OSRM table v1 driving (OpenStreetMap), consulta 30-sep-2026"
D76828,C16,326.42,326.42,OSRM,Trujillo,Pensilvania,182.866,1.785,0,163209.8,"OSRM table v1 driving (OpenStreetMap), consulta 30-sep-2026"
D76828,C17,356.143,356.143,OSRM,Trujillo,La Dorada,229.572,1.551,0,178071.4,"OSRM table v1 driving (OpenStreetMap), consulta 30-sep-2026"
D76828,R01,96.235,96.235,OSRM,Trujillo,La Tebaida,64.815,1.485,1,48117.4,"OSRM table v1 driving (OpenStreetMap), consulta 30-sep-2026"
D76054,C01,204.0,197.845,Google Maps,Argelia,Palmira,134.396,1.518,0,102000.0,"Google Maps (modo carro), consulta 1-oct-2026"
D76054,C02,126.432,126.432,OSRM,Argelia,Tuluá,71.857,1.759,1,63215.75,"OSRM table v1 driving (OpenStreetMap), consulta 30-sep-2026"
D76054,C03,238.659,238.659,OSRM,Argelia,Jamundí,169.729,1.406,0,119329.55,"OSRM table v1 driving (OpenStreetMap), consulta 30-sep-2026"
D76054,C04,37.594,37.594,OSRM,Argelia,Cartago,21.734,1.73,1,18796.85,"OSRM table v1 driving (OpenStreetMap), consulta 30-sep-2026"
D76054,C05,151.16,151.16,OSRM,Argelia,Guadalajara de Buga,93.992,1.608,1,75579.85,"OSRM table v1 driving (OpenStreetMap), consulta 30-sep-2026"
D76054,C06,212.0,211.379,Google Maps,Argelia,Candelaria,148.76,1.425,0,106000.0,"Google Maps (modo carro), consulta 1-oct-2026"
D76054,C07,209.0,207.99,Google Maps,Argelia,Yumbo,138.537,1.509,0,104500.0,"Google Maps (modo carro), consulta 1-oct-2026"
D76054,C08,231.0,229.505,Google Maps,Argelia,Florida,156.502,1.476,0,115500.0,"Google Maps (modo carro), consulta 1-oct-2026"
D76054,C09,180.0,177.633,Google Maps,Argelia,El Cerrito,117.885,1.527,1,90000.0,"Google Maps (modo carro), consulta 1-oct-2026"
D76054,C10,216.0,215.583,Google Maps,Argelia,Pradera,145.976,1.48,0,108000.0,"Google Maps (modo carro), consulta 1-oct-2026"
D76054,C11,169.0,168.607,Google Maps,Argelia,Guacarí,109.839,1.539,1,84500.0,"Google Maps (modo carro), consulta 1-oct-2026"
D76054,C12,181.0,180.32,Google Maps,Argelia,Ginebra,112.706,1.606,0,90500.0,"Google Maps (modo carro), consulta 1-oct-2026"
D76054,C13,94.967,94.967,OSRM,Argelia,Chinchiná,63.62,1.493,1,47483.55,"OSRM table v1 driving (OpenStreetMap), consulta 30-sep-2026"
D76054,C14,138.946,138.946,OSRM,Argelia,Supía,95.501,1.455,1,69472.9,"OSRM table v1 driving (OpenStreetMap), consulta 30-sep-2026"
D76054,C15,217.0,203.913,Google Maps,Argelia,Aguadas,122.763,1.768,0,108500.0,"Google Maps (modo carro), consulta 1-oct-2026"
D76054,C16,280.17,280.17,OSRM,Argelia,Pensilvania,128.932,2.173,0,140085.05,"OSRM table v1 driving (OpenStreetMap), consulta 30-sep-2026"
D76054,C17,330.264,330.264,OSRM,Argelia,La Dorada,180.246,1.832,0,165131.75,"OSRM table v1 driving (OpenStreetMap), consulta 30-sep-2026"
D76054,R01,95.302,95.302,OSRM,Argelia,La Tebaida,47.804,1.994,1,47650.8,"OSRM table v1 driving (OpenStreetMap), consulta 30-sep-2026"
D17873,C01,242.963,242.963,OSRM,Villamaría,Palmira,189.45,1.282,0,121481.45,"OSRM table v1 driving (OpenStreetMap), consulta 30-sep-2026"
D17873,C02,172.0,171.55,Google Maps,Villamaría,Tuluá,131.074,1.312,1,86000.0,"Google Maps (modo carro), consulta 1-oct-2026"
D17873,C03,283.777,283.777,OSRM,Villamaría,Jamundí,228.872,1.24,0,141888.6,"OSRM table v1 driving (OpenStreetMap), consulta 30-sep-2026"
D17873,C04,84.708,84.708,OSRM,Villamaría,Cartago,57.214,1.481,1,42354.25,"OSRM table v1 driving (OpenStreetMap), consulta 30-sep-2026"
D17873,C05,197.0,196.278,Google Maps,Villamaría,Guadalajara de Buga,154.317,1.277,0,98500.0,"Google Maps (modo carro), consulta 1-oct-2026"
D17873,C06,256.497,256.497,OSRM,Villamaría,Candelaria,204.043,1.257,0,128248.5,"OSRM table v1 driving (OpenStreetMap), consulta 30-sep-2026"
D17873,C07,253.108,253.108,OSRM,Villamaría,Yumbo,200.018,1.265,0,126553.8,"OSRM table v1 driving (OpenStreetMap), consulta 30-sep-2026"
D17873,C08,274.624,274.624,OSRM,Villamaría,Florida,207.225,1.325,0,137311.75,"OSRM table v1 driving (OpenStreetMap), consulta 30-sep-2026"
D17873,C09,254.0,222.751,Google Maps,Villamaría,El Cerrito,175.345,1.449,0,127000.0,"Google Maps (modo carro), consulta 1-oct-2026"
D17873,C10,260.702,260.702,OSRM,Villamaría,Pradera,197.826,1.318,0,130350.75,"OSRM table v1 driving (OpenStreetMap), consulta 30-sep-2026"
D17873,C11,214.0,213.725,Google Maps,Villamaría,Guacarí,169.12,1.265,0,107000.0,"Google Maps (modo carro), consulta 1-oct-2026"
D17873,C12,226.0,225.438,Google Maps,Villamaría,Ginebra,169.046,1.337,0,113000.0,"Google Maps (modo carro), consulta 1-oct-2026"
D17873,C13,28.481,28.481,OSRM,Villamaría,Chinchiná,13.078,2.178,1,14240.55,"OSRM table v1 driving (OpenStreetMap), consulta 30-sep-2026"
D17873,C14,85.641,85.641,OSRM,Villamaría,Supía,48.197,1.777,1,42820.45,"OSRM table v1 driving (OpenStreetMap), consulta 30-sep-2026"
D17873,C15,127.487,127.487,OSRM,Villamaría,Aguadas,63.746,2.0,1,63743.55,"OSRM table v1 driving (OpenStreetMap), consulta 30-sep-2026"
D17873,C16,134.0,133.358,Google Maps,Villamaría,Pensilvania,53.87,2.487,1,67000.0,"Google Maps (modo carro), consulta 1-oct-2026"
D17873,C17,165.0,212.943,Google Maps,Villamaría,La Dorada,103.548,1.593,1,82500.0,"Google Maps (modo carro), consulta 1-oct-2026"
D17873,R01,119.906,119.906,OSRM,Villamaría,La Tebaida,72.298,1.658,1,59953.2,"OSRM table v1 driving (OpenStreetMap), consulta 30-sep-2026"
D76400,C01,137.493,137.493,OSRM,La Unión,Palmira,113.622,1.21,1,68746.45,"OSRM table v1 driving (OpenStreetMap), consulta 30-sep-2026"
D76400,C02,66.08,66.08,OSRM,La Unión,Tuluá,51.039,1.295,1,33039.75,"OSRM table v1 driving (OpenStreetMap), consulta 30-sep-2026"
D76400,C03,180.0,178.307,Google Maps,La Unión,Jamundí,149.911,1.201,1,90000.0,"Google Maps (modo carro), consulta 1-oct-2026"
D76400,C04,42.707,42.707,OSRM,La Unión,Cartago,30.233,1.413,1,21353.45,"OSRM table v1 driving (OpenStreetMap), consulta 30-sep-2026"
D76400,C05,90.808,90.808,OSRM,La Unión,Guadalajara de Buga,73.789,1.231,1,45403.85,"OSRM table v1 driving (OpenStreetMap), consulta 30-sep-2026"
D76400,C06,151.027,151.027,OSRM,La Unión,Candelaria,128.112,1.179,1,75513.5,"OSRM table v1 driving (OpenStreetMap), consulta 30-sep-2026"
D76400,C07,147.638,147.638,OSRM,La Unión,Yumbo,119.086,1.24,1,73818.8,"OSRM table v1 driving (OpenStreetMap), consulta 30-sep-2026"
D76400,C08,172.0,169.154,Google Maps,La Unión,Florida,135.344,1.271,1,86000.0,"Google Maps (modo carro), consulta 1-oct-2026"
D76400,C09,117.281,117.281,OSRM,La Unión,El Cerrito,97.366,1.205,1,58640.4,"OSRM table v1 driving (OpenStreetMap), consulta 30-sep-2026"
D76400,C10,155.232,155.232,OSRM,La Unión,Pradera,124.879,1.243,1,77615.75,"OSRM table v1 driving (OpenStreetMap), consulta 30-sep-2026"
D76400,C11,108.255,108.255,OSRM,La Unión,Guacarí,89.598,1.208,1,54127.7,"OSRM table v1 driving (OpenStreetMap), consulta 30-sep-2026"
D76400,C12,119.968,119.968,OSRM,La Unión,Ginebra,91.95,1.305,1,59984.05,"OSRM table v1 driving (OpenStreetMap), consulta 30-sep-2026"
D76400,C13,98.47,98.47,OSRM,La Unión,Chinchiná,74.114,1.329,1,49234.8,"OSRM table v1 driving (OpenStreetMap), consulta 30-sep-2026"
D76400,C14,154.554,154.554,OSRM,La Unión,Supía,113.096,1.367,1,77277.1,"OSRM table v1 driving (OpenStreetMap), consulta 30-sep-2026"
D76400,C15,224.0,219.522,Google Maps,La Unión,Aguadas,139.375,1.607,0,112000.0,"Google Maps (modo carro), consulta 1-oct-2026"
D76400,C16,256.262,256.262,OSRM,La Unión,Pensilvania,140.533,1.824,0,128131.05,"OSRM table v1 driving (OpenStreetMap), consulta 30-sep-2026"
D76400,C17,307.166,307.166,OSRM,La Unión,La Dorada,189.064,1.625,0,153583.25,"OSRM table v1 driving (OpenStreetMap), consulta 30-sep-2026"
D76400,R01,65.034,65.034,OSRM,La Unión,La Tebaida,35.798,1.817,1,32517.0,"OSRM table v1 driving (OpenStreetMap), consulta 30-sep-2026"
D76823,C01,145.891,145.891,OSRM,Toro,Palmira,122.212,1.194,1,72945.6,"OSRM table v1 driving (OpenStreetMap), consulta 30-sep-2026"
D76823,C02,74.478,74.478,OSRM,Toro,Tuluá,59.645,1.249,1,37238.9,"OSRM table v1 driving (OpenStreetMap), consulta 30-sep-2026"
D76823,C03,188.0,186.706,Google Maps,Toro,Jamundí,158.537,1.186,0,94000.0,"Google Maps (modo carro), consulta 1-oct-2026"
D76823,C04,38.2,38.2,OSRM,Toro,Cartago,22.538,1.695,1,19100.1,"OSRM table v1 driving (OpenStreetMap), consulta 30-sep-2026"
D76823,C05,99.206,99.206,OSRM,Toro,Guadalajara de Buga,82.42,1.204,1,49603.0,"OSRM table v1 driving (OpenStreetMap), consulta 30-sep-2026"
D76823,C06,159.425,159.425,OSRM,Toro,Candelaria,136.716,1.166,1,79712.65,"OSRM table v1 driving (OpenStreetMap), consulta 30-sep-2026"
D76823,C07,156.036,156.036,OSRM,Toro,Yumbo,127.688,1.222,1,78017.95,"OSRM table v1 driving (OpenStreetMap), consulta 30-sep-2026"
D76823,C08,180.0,177.552,Google Maps,Toro,Florida,143.834,1.251,1,90000.0,"Google Maps (modo carro), consulta 1-oct-2026"
D76823,C09,125.679,125.679,OSRM,Toro,El Cerrito,105.986,1.186,1,62839.55,"OSRM table v1 driving (OpenStreetMap), consulta 30-sep-2026"
D76823,C10,165.0,163.63,Google Maps,Toro,Pradera,133.393,1.237,1,82500.0,"Google Maps (modo carro), consulta 1-oct-2026"
D76823,C11,116.654,116.654,OSRM,Toro,Guacarí,98.228,1.188,1,58326.85,"OSRM table v1 driving (OpenStreetMap), consulta 30-sep-2026"
D76823,C12,128.366,128.366,OSRM,Toro,Ginebra,100.547,1.277,1,64183.2,"OSRM table v1 driving (OpenStreetMap), consulta 30-sep-2026"
D76823,C13,93.963,93.963,OSRM,Toro,Chinchiná,66.806,1.406,1,46981.45,"OSRM table v1 driving (OpenStreetMap), consulta 30-sep-2026"
D76823,C14,136.543,136.543,OSRM,Toro,Supía,104.583,1.306,1,68271.5,"OSRM table v1 driving (OpenStreetMap), consulta 30-sep-2026"
D76823,C15,216.0,201.511,Google Maps,Toro,Aguadas,131.008,1.649,0,108000.0,"Google Maps (modo carro), consulta 1-oct-2026"
D76823,C16,277.767,277.767,OSRM,Toro,Pensilvania,133.185,2.086,0,138883.65,"OSRM table v1 driving (OpenStreetMap), consulta 30-sep-2026"
D76823,C17,315.565,315.565,OSRM,Toro,La Dorada,182.524,1.729,0,157782.4,"OSRM table v1 driving (OpenStreetMap), consulta 30-sep-2026"
D76823,R01,73.432,73.432,OSRM,Toro,La Tebaida,36.437,2.015,1,36716.15,"OSRM table v1 driving (OpenStreetMap), consulta 30-sep-2026"
D76606,C01,79.055,79.055,OSRM,Restrepo,Palmira,40.73,1.941,1,39527.65,"OSRM table v1 driving (OpenStreetMap), consulta 30-sep-2026"
D76606,C02,60.327,60.327,OSRM,Restrepo,Tuluá,46.547,1.296,1,30163.6,"OSRM table v1 driving (OpenStreetMap), consulta 30-sep-2026"
D76606,C03,95.227,95.227,OSRM,Restrepo,Jamundí,62.581,1.522,1,47613.5,"OSRM table v1 driving (OpenStreetMap), consulta 30-sep-2026"
D76606,C04,148.715,148.715,OSRM,Restrepo,Cartago,122.046,1.219,1,74357.65,"OSRM table v1 driving (OpenStreetMap), consulta 30-sep-2026"
D76606,C05,35.235,35.235,OSRM,Restrepo,Guadalajara de Buga,26.409,1.334,1,17617.35,"OSRM table v1 driving (OpenStreetMap), consulta 30-sep-2026"
D76606,C06,92.589,92.589,OSRM,Restrepo,Candelaria,49.939,1.854,1,46294.7,"OSRM table v1 driving (OpenStreetMap), consulta 30-sep-2026"
D76606,C07,51.304,51.304,OSRM,Restrepo,Yumbo,31.382,1.635,1,25651.9,"OSRM table v1 driving (OpenStreetMap), consulta 30-sep-2026"
D76606,C08,110.716,110.716,OSRM,Restrepo,Florida,63.926,1.732,1,55357.95,"OSRM table v1 driving (OpenStreetMap), consulta 30-sep-2026"
D76606,C09,58.843,58.843,OSRM,Restrepo,El Cerrito,27.972,2.104,1,29421.6,"OSRM table v1 driving (OpenStreetMap), consulta 30-sep-2026"
D76606,C10,96.794,96.794,OSRM,Restrepo,Pradera,54.496,1.776,1,48396.95,"OSRM table v1 driving (OpenStreetMap), consulta 30-sep-2026"
D76606,C11,49.818,49.818,OSRM,Restrepo,Guacarí,22.352,2.229,1,24908.9,"OSRM table v1 driving (OpenStreetMap), consulta 30-sep-2026"
D76606,C12,61.53,61.53,OSRM,Restrepo,Ginebra,30.313,2.03,1,30765.25,"OSRM table v1 driving (OpenStreetMap), consulta 30-sep-2026"
D76606,C13,207.0,204.478,Google Maps,Restrepo,Chinchiná,164.491,1.258,0,103500.0,"Google Maps (modo carro), consulta 1-oct-2026"
D76606,C14,260.562,260.562,OSRM,Restrepo,Supía,205.048,1.271,0,130281.25,"OSRM table v1 driving (OpenStreetMap), consulta 30-sep-2026"
D76606,C15,325.53,325.53,OSRM,Restrepo,Aguadas,231.487,1.406,0,162765.05,"OSRM table v1 driving (OpenStreetMap), consulta 30-sep-2026"
D76606,C16,362.27,362.27,OSRM,Restrepo,Pensilvania,230.187,1.574,0,181135.25,"OSRM table v1 driving (OpenStreetMap), consulta 30-sep-2026"
D76606,C17,391.994,391.994,OSRM,Restrepo,La Dorada,274.73,1.427,0,195996.85,"OSRM table v1 driving (OpenStreetMap), consulta 30-sep-2026"
D76606,R01,132.086,132.086,OSRM,Restrepo,La Tebaida,107.776,1.226,1,66042.85,"OSRM table v1 driving (OpenStreetMap), consulta 30-sep-2026"
D76895,C01,112.985,112.985,OSRM,Zarzal,Palmira,99.037,1.141,1,56492.7,"OSRM table v1 driving (OpenStreetMap), consulta 30-sep-2026"
D76895,C02,41.572,41.572,OSRM,Zarzal,Tuluá,36.952,1.125,1,20786.0,"OSRM table v1 driving (OpenStreetMap), consulta 30-sep-2026"
D76895,C03,153.8,153.8,OSRM,Zarzal,Jamundí,136.344,1.128,1,76899.85,"OSRM table v1 driving (OpenStreetMap), consulta 30-sep-2026"
D76895,C04,49.107,49.107,OSRM,Zarzal,Cartago,42.119,1.166,1,24553.3,"OSRM table v1 driving (OpenStreetMap), consulta 30-sep-2026"
D76895,C05,66.3,66.3,OSRM,Zarzal,Guadalajara de Buga,60.27,1.1,1,33150.15,"OSRM table v1 driving (OpenStreetMap), consulta 30-sep-2026"
D76895,C06,126.52,126.52,OSRM,Zarzal,Candelaria,113.644,1.113,1,63259.75,"OSRM table v1 driving (OpenStreetMap), consulta 30-sep-2026"
D76895,C07,123.13,123.13,OSRM,Zarzal,Yumbo,106.079,1.161,1,61565.1,"OSRM table v1 driving (OpenStreetMap), consulta 30-sep-2026"
D76895,C08,144.646,144.646,OSRM,Zarzal,Florida,120.191,1.203,1,72323.0,"OSRM table v1 driving (OpenStreetMap), consulta 30-sep-2026"
D76895,C09,92.773,92.773,OSRM,Zarzal,El Cerrito,83.192,1.115,1,46386.65,"OSRM table v1 driving (OpenStreetMap), consulta 30-sep-2026"
D76895,C10,130.724,130.724,OSRM,Zarzal,Pradera,109.829,1.19,1,65362.0,"OSRM table v1 driving (OpenStreetMap), consulta 30-sep-2026"
D76895,C11,83.748,83.748,OSRM,Zarzal,Guacarí,75.848,1.104,1,41873.95,"OSRM table v1 driving (OpenStreetMap), consulta 30-sep-2026"
D76895,C12,95.461,95.461,OSRM,Zarzal,Ginebra,77.485,1.232,1,47730.3,"OSRM table v1 driving (OpenStreetMap), consulta 30-sep-2026"
D76895,C13,104.869,104.869,OSRM,Zarzal,Chinchiná,83.531,1.255,1,52434.65,"OSRM table v1 driving (OpenStreetMap), consulta 30-sep-2026"
D76895,C14,161.0,160.954,Google Maps,Zarzal,Supía,126.164,1.276,1,80500.0,"Google Maps (modo carro), consulta 1-oct-2026"
D76895,C15,238.0,225.921,Google Maps,Zarzal,Aguadas,151.608,1.57,0,119000.0,"Google Maps (modo carro), consulta 1-oct-2026"
D76895,C16,262.662,262.662,OSRM,Zarzal,Pensilvania,149.362,1.759,0,131330.9,"OSRM table v1 driving (OpenStreetMap), consulta 30-sep-2026"
D76895,C17,307.043,307.043,OSRM,Zarzal,La Dorada,195.526,1.57,0,153521.7,"OSRM table v1 driving (OpenStreetMap), consulta 30-sep-2026"
D76895,R01,47.135,47.135,OSRM,Zarzal,La Tebaida,32.2,1.464,1,23567.7,"OSRM table v1 driving (OpenStreetMap), consulta 30-sep-2026"
D76736,C01,125.867,125.867,OSRM,Sevilla,Palmira,91.734,1.372,1,62933.55,"OSRM table v1 driving (OpenStreetMap), consulta 30-sep-2026"
D76736,C02,54.454,54.454,OSRM,Sevilla,Tuluá,35.993,1.513,1,27226.85,"OSRM table v1 driving (OpenStreetMap), consulta 30-sep-2026"
D76736,C03,167.0,166.681,Google Maps,Sevilla,Jamundí,131.131,1.274,1,83500.0,"Google Maps (modo carro), consulta 1-oct-2026"
D76736,C04,84.474,84.474,OSRM,Sevilla,Cartago,52.432,1.611,1,42237.2,"OSRM table v1 driving (OpenStreetMap), consulta 30-sep-2026"
D76736,C05,79.182,79.182,OSRM,Sevilla,Guadalajara de Buga,57.901,1.368,1,39590.95,"OSRM table v1 driving (OpenStreetMap), consulta 30-sep-2026"
D76736,C06,139.401,139.401,OSRM,Sevilla,Candelaria,106.366,1.311,1,69700.6,"OSRM table v1 driving (OpenStreetMap), consulta 30-sep-2026"
D76736,C07,136.012,136.012,OSRM,Sevilla,Yumbo,102.831,1.323,1,68005.9,"OSRM table v1 driving (OpenStreetMap), consulta 30-sep-2026"
D76736,C08,157.528,157.528,OSRM,Sevilla,Florida,110.481,1.426,1,78763.85,"OSRM table v1 driving (OpenStreetMap), consulta 30-sep-2026"
D76736,C09,105.655,105.655,OSRM,Sevilla,El Cerrito,77.672,1.36,1,52827.5,"OSRM table v1 driving (OpenStreetMap), consulta 30-sep-2026"
D76736,C10,143.606,143.606,OSRM,Sevilla,Pradera,100.681,1.426,1,71802.85,"OSRM table v1 driving (OpenStreetMap), consulta 30-sep-2026"
D76736,C11,96.63,96.63,OSRM,Sevilla,Guacarí,71.858,1.345,1,48314.8,"OSRM table v1 driving (OpenStreetMap), consulta 30-sep-2026"
D76736,C12,108.342,108.342,OSRM,Sevilla,Ginebra,71.316,1.519,1,54171.15,"OSRM table v1 driving (OpenStreetMap), consulta 30-sep-2026"
D76736,C13,140.237,140.237,OSRM,Sevilla,Chinchiná,87.193,1.608,1,70118.55,"OSRM table v1 driving (OpenStreetMap), consulta 30-sep-2026"
D76736,C14,208.0,196.322,Google Maps,Sevilla,Supía,134.459,1.547,0,104000.0,"Google Maps (modo carro), consulta 1-oct-2026"
D76736,C15,261.289,261.289,OSRM,Sevilla,Aguadas,158.036,1.653,0,130644.65,"OSRM table v1 driving (OpenStreetMap), consulta 30-sep-2026"
D76736,C16,337.426,337.426,OSRM,Sevilla,Pensilvania,150.361,2.244,0,168713.2,"OSRM table v1 driving (OpenStreetMap), consulta 30-sep-2026"
D76736,C17,291.587,291.587,OSRM,Sevilla,La Dorada,192.581,1.514,0,145793.65,"OSRM table v1 driving (OpenStreetMap), consulta 30-sep-2026"
D76736,R01,37.614,37.614,OSRM,Sevilla,La Tebaida,25.919,1.451,1,18807.1,"OSRM table v1 driving (OpenStreetMap), consulta 30-sep-2026"
D76246,C01,233.0,226.666,Google Maps,El Cairo,Palmira,136.964,1.701,0,116500.0,"Google Maps (modo carro), consulta 1-oct-2026"
D76246,C02,155.253,155.253,OSRM,El Cairo,Tuluá,75.156,2.066,1,77626.55,"OSRM table v1 driving (OpenStreetMap), consulta 30-sep-2026"
D76246,C03,267.481,267.481,OSRM,El Cairo,Jamundí,170.686,1.567,0,133740.4,"OSRM table v1 driving (OpenStreetMap), consulta 30-sep-2026"
D76246,C04,66.415,66.415,OSRM,El Cairo,Cartago,33.003,2.012,1,33207.7,"OSRM table v1 driving (OpenStreetMap), consulta 30-sep-2026"
D76246,C05,181.0,179.981,Google Maps,El Cairo,Guadalajara de Buga,96.027,1.885,0,90500.0,"Google Maps (modo carro), consulta 1-oct-2026"
D76246,C06,240.201,240.201,OSRM,El Cairo,Candelaria,151.03,1.59,0,120100.3,"OSRM table v1 driving (OpenStreetMap), consulta 30-sep-2026"
D76246,C07,236.811,236.811,OSRM,El Cairo,Yumbo,139.208,1.701,0,118405.65,"OSRM table v1 driving (OpenStreetMap), consulta 30-sep-2026"
D76246,C08,258.327,258.327,OSRM,El Cairo,Florida,159.766,1.617,0,129163.55,"OSRM table v1 driving (OpenStreetMap), consulta 30-sep-2026"
D76246,C09,208.0,206.454,Google Maps,El Cairo,El Cerrito,120.136,1.731,0,104000.0,"Google Maps (modo carro), consulta 1-oct-2026"
D76246,C10,244.405,244.405,OSRM,El Cairo,Pradera,149.138,1.639,0,122202.55,"OSRM table v1 driving (OpenStreetMap), consulta 30-sep-2026"
D76246,C11,204.0,197.429,Google Maps,El Cairo,Guacarí,111.75,1.826,0,102000.0,"Google Maps (modo carro), consulta 1-oct-2026"
D76246,C12,210.0,209.142,Google Maps,El Cairo,Ginebra,115.39,1.82,0,105000.0,"Google Maps (modo carro), consulta 1-oct-2026"
D76246,C13,123.789,123.789,OSRM,El Cairo,Chinchiná,72.466,1.708,1,61894.4,"OSRM table v1 driving (OpenStreetMap), consulta 30-sep-2026"
D76246,C14,169.0,167.768,Google Maps,El Cairo,Supía,99.15,1.704,1,84500.0,"Google Maps (modo carro), consulta 1-oct-2026"
D76246,C15,246.0,232.735,Google Maps,El Cairo,Aguadas,127.002,1.937,0,123000.0,"Google Maps (modo carro), consulta 1-oct-2026"
D76246,C16,308.992,308.992,OSRM,El Cairo,Pensilvania,136.41,2.265,0,154495.9,"OSRM table v1 driving (OpenStreetMap), consulta 30-sep-2026"
D76246,C17,359.085,359.085,OSRM,El Cairo,La Dorada,188.768,1.902,0,179542.6,"OSRM table v1 driving (OpenStreetMap), consulta 30-sep-2026"
D76246,R01,124.123,124.123,OSRM,El Cairo,La Tebaida,59.058,2.102,1,62061.65,"OSRM table v1 driving (OpenStreetMap), consulta 30-sep-2026"
D76041,C01,178.0,171.725,Google Maps,Ansermanuevo,Palmira,144.551,1.231,1,89000.0,"Google Maps (modo carro), consulta 1-oct-2026"
D76041,C02,100.311,100.311,OSRM,Ansermanuevo,Tuluá,82.133,1.221,1,50155.7,"OSRM table v1 driving (OpenStreetMap), consulta 30-sep-2026"
D76041,C03,213.0,212.539,Google Maps,Ansermanuevo,Jamundí,181.256,1.175,0,106500.0,"Google Maps (modo carro), consulta 1-oct-2026"
D76041,C04,11.474,11.474,OSRM,Ansermanuevo,Cartago,9.519,1.205,1,5736.85,"OSRM table v1 driving (OpenStreetMap), consulta 30-sep-2026"
D76041,C05,125.04,125.04,OSRM,Ansermanuevo,Guadalajara de Buga,105.1,1.19,1,62519.8,"OSRM table v1 driving (OpenStreetMap), consulta 30-sep-2026"
D76041,C06,186.0,185.259,Google Maps,Ansermanuevo,Candelaria,159.121,1.169,0,93000.0,"Google Maps (modo carro), consulta 1-oct-2026"
D76041,C07,183.0,181.87,Google Maps,Ansermanuevo,Yumbo,150.476,1.216,0,91500.0,"Google Maps (modo carro), consulta 1-oct-2026"
D76041,C08,205.0,203.385,Google Maps,Ansermanuevo,Florida,165.744,1.237,0,102500.0,"Google Maps (modo carro), consulta 1-oct-2026"
D76041,C09,151.513,151.513,OSRM,Ansermanuevo,El Cerrito,128.506,1.179,1,75756.3,"OSRM table v1 driving (OpenStreetMap), consulta 30-sep-2026"
D76041,C10,190.0,189.463,Google Maps,Ansermanuevo,Pradera,155.404,1.223,0,95000.0,"Google Maps (modo carro), consulta 1-oct-2026"
D76041,C11,142.487,142.487,OSRM,Ansermanuevo,Guacarí,120.873,1.179,1,71243.65,"OSRM table v1 driving (OpenStreetMap), consulta 30-sep-2026"
D76041,C12,154.2,154.2,OSRM,Ansermanuevo,Ginebra,122.94,1.254,1,77100.0,"OSRM table v1 driving (OpenStreetMap), consulta 30-sep-2026"
D76041,C13,68.847,68.847,OSRM,Ansermanuevo,Chinchiná,47.56,1.448,1,34423.5,"OSRM table v1 driving (OpenStreetMap), consulta 30-sep-2026"
D76041,C14,112.826,112.826,OSRM,Ansermanuevo,Supía,81.801,1.379,1,56412.9,"OSRM table v1 driving (OpenStreetMap), consulta 30-sep-2026"
D76041,C15,190.0,177.793,Google Maps,Ansermanuevo,Aguadas,108.424,1.752,0,95000.0,"Google Maps (modo carro), consulta 1-oct-2026"
D76041,C16,254.05,254.05,OSRM,Ansermanuevo,Pensilvania,112.981,2.249,0,127025.05,"OSRM table v1 driving (OpenStreetMap), consulta 30-sep-2026"
D76041,C17,304.143,304.143,OSRM,Ansermanuevo,La Dorada,164.184,1.852,0,152071.7,"OSRM table v1 driving (OpenStreetMap), consulta 30-sep-2026"
D76041,R01,69.182,69.182,OSRM,Ansermanuevo,La Tebaida,44.232,1.564,1,34590.75,"OSRM table v1 driving (OpenStreetMap), consulta 30-sep-2026"
D76377,C01,48.811,48.811,OSRM,La Cumbre,Palmira,32.617,1.496,1,24405.4,"OSRM table v1 driving (OpenStreetMap), consulta 30-sep-2026"
D76377,C02,88.282,88.282,OSRM,La Cumbre,Tuluá,63.559,1.389,1,44140.85,"OSRM table v1 driving (OpenStreetMap), consulta 30-sep-2026"
D76377,C03,68.26,68.26,OSRM,La Cumbre,Jamundí,43.547,1.567,1,34130.15,"OSRM table v1 driving (OpenStreetMap), consulta 30-sep-2026"
D76377,C04,187.0,176.67,Google Maps,La Cumbre,Cartago,140.94,1.327,0,93500.0,"Google Maps (modo carro), consulta 1-oct-2026"
D76377,C05,63.189,63.189,OSRM,La Cumbre,Guadalajara de Buga,40.904,1.545,1,31594.6,"OSRM table v1 driving (OpenStreetMap), consulta 30-sep-2026"
D76377,C06,57.718,57.718,OSRM,La Cumbre,Candelaria,36.361,1.587,1,28859.05,"OSRM table v1 driving (OpenStreetMap), consulta 30-sep-2026"
D76377,C07,23.344,23.344,OSRM,La Cumbre,Yumbo,14.303,1.632,1,11672.2,"OSRM table v1 driving (OpenStreetMap), consulta 30-sep-2026"
D76377,C08,75.845,75.845,OSRM,La Cumbre,Florida,51.77,1.465,1,37922.3,"OSRM table v1 driving (OpenStreetMap), consulta 30-sep-2026"
D76377,C09,47.063,47.063,OSRM,La Cumbre,El Cerrito,28.681,1.641,1,23531.6,"OSRM table v1 driving (OpenStreetMap), consulta 30-sep-2026"
D76377,C10,68.798,68.798,OSRM,La Cumbre,Pradera,44.296,1.553,1,34398.75,"OSRM table v1 driving (OpenStreetMap), consulta 30-sep-2026"
D76377,C11,55.39,55.39,OSRM,La Cumbre,Guacarí,29.138,1.901,1,27695.2,"OSRM table v1 driving (OpenStreetMap), consulta 30-sep-2026"
D76377,C12,56.294,56.294,OSRM,La Cumbre,Ginebra,34.314,1.641,1,28147.05,"OSRM table v1 driving (OpenStreetMap), consulta 30-sep-2026"
D76377,C13,232.432,232.432,OSRM,La Cumbre,Chinchiná,182.784,1.272,0,116216.25,"OSRM table v1 driving (OpenStreetMap), consulta 30-sep-2026"
D76377,C14,288.517,288.517,OSRM,La Cumbre,Supía,224.31,1.286,0,144258.55,"OSRM table v1 driving (OpenStreetMap), consulta 30-sep-2026"
D76377,C15,353.485,353.485,OSRM,La Cumbre,Aguadas,250.532,1.411,0,176742.35,"OSRM table v1 driving (OpenStreetMap), consulta 30-sep-2026"
D76377,C16,390.225,390.225,OSRM,La Cumbre,Pensilvania,248.045,1.573,0,195112.5,"OSRM table v1 driving (OpenStreetMap), consulta 30-sep-2026"
D76377,C17,419.948,419.948,OSRM,La Cumbre,La Dorada,291.361,1.441,0,209974.15,"OSRM table v1 driving (OpenStreetMap), consulta 30-sep-2026"
D76377,R01,170.0,160.04,Google Maps,La Cumbre,La Tebaida,124.536,1.365,1,85000.0,"Google Maps (modo carro), consulta 1-oct-2026"
D66400,C01,191.0,184.354,Google Maps,La Virginia,Palmira,158.725,1.203,0,95500.0,"Google Maps (modo carro), consulta 1-oct-2026"
D66400,C02,112.941,112.941,OSRM,La Virginia,Tuluá,96.821,1.166,1,56470.35,"OSRM table v1 driving (OpenStreetMap), consulta 30-sep-2026"
D66400,C03,226.0,225.168,Google Maps,La Virginia,Jamundí,196.204,1.152,0,113000.0,"Google Maps (modo carro), consulta 1-oct-2026"
D66400,C04,26.1,26.1,OSRM,La Virginia,Cartago,17.85,1.462,1,13049.85,"OSRM table v1 driving (OpenStreetMap), consulta 30-sep-2026"
D66400,C05,137.669,137.669,OSRM,La Virginia,Guadalajara de Buga,120.069,1.147,1,68834.45,"OSRM table v1 driving (OpenStreetMap), consulta 30-sep-2026"
D66400,C06,198.0,197.888,Google Maps,La Virginia,Candelaria,173.374,1.142,0,99000.0,"Google Maps (modo carro), consulta 1-oct-2026"
D66400,C07,195.0,194.499,Google Maps,La Virginia,Yumbo,165.746,1.176,0,97500.0,"Google Maps (modo carro), consulta 1-oct-2026"
D66400,C08,217.0,216.015,Google Maps,La Virginia,Florida,179.204,1.211,0,108500.0,"Google Maps (modo carro), consulta 1-oct-2026"
D66400,C09,166.0,164.142,Google Maps,La Virginia,El Cerrito,143.054,1.16,1,83000.0,"Google Maps (modo carro), consulta 1-oct-2026"
D66400,C10,202.0,202.093,Google Maps,La Virginia,Pradera,169.037,1.195,0,101000.0,"Google Maps (modo carro), consulta 1-oct-2026"
D66400,C11,155.117,155.117,OSRM,La Virginia,Guacarí,135.712,1.143,1,77558.3,"OSRM table v1 driving (OpenStreetMap), consulta 30-sep-2026"
D66400,C12,167.0,166.829,Google Maps,La Virginia,Ginebra,137.273,1.217,1,83500.0,"Google Maps (modo carro), consulta 1-oct-2026"
D66400,C13,74.272,74.272,OSRM,La Virginia,Chinchiná,31.794,2.336,1,37136.25,"OSRM table v1 driving (OpenStreetMap), consulta 30-sep-2026"
D66400,C14,90.934,90.934,OSRM,La Virginia,Supía,66.303,1.371,1,45466.85,"OSRM table v1 driving (OpenStreetMap), consulta 30-sep-2026"
D66400,C15,155.901,155.901,OSRM,La Virginia,Aguadas,92.285,1.689,1,77950.65,"OSRM table v1 driving (OpenStreetMap), consulta 30-sep-2026"
D66400,C16,220.0,232.158,Google Maps,La Virginia,Pensilvania,96.375,2.283,0,110000.0,"Google Maps (modo carro), consulta 1-oct-2026"
D66400,C17,298.805,298.805,OSRM,La Virginia,La Dorada,148.114,2.017,0,149402.3,"OSRM table v1 driving (OpenStreetMap), consulta 30-sep-2026"
D66400,R01,82.478,82.478,OSRM,La Virginia,La Tebaida,50.323,1.639,1,41239.15,"OSRM table v1 driving (OpenStreetMap), consulta 30-sep-2026"
D76113,C01,88.992,88.992,OSRM,Bugalagrande,Palmira,76.89,1.157,1,44495.75,"OSRM table v1 driving (OpenStreetMap), consulta 30-sep-2026"
D76113,C02,17.578,17.578,OSRM,Bugalagrande,Tuluá,14.406,1.22,1,8789.1,"OSRM table v1 driving (OpenStreetMap), consulta 30-sep-2026"
D76113,C03,129.806,129.806,OSRM,Bugalagrande,Jamundí,113.767,1.141,1,64902.95,"OSRM table v1 driving (OpenStreetMap), consulta 30-sep-2026"
D76113,C04,73.147,73.147,OSRM,Bugalagrande,Cartago,64.711,1.13,1,36573.5,"OSRM table v1 driving (OpenStreetMap), consulta 30-sep-2026"
D76113,C05,42.306,42.306,OSRM,Bugalagrande,Guadalajara de Buga,37.665,1.123,1,21153.2,"OSRM table v1 driving (OpenStreetMap), consulta 30-sep-2026"
D76113,C06,102.526,102.526,OSRM,Bugalagrande,Candelaria,91.412,1.122,1,51262.85,"OSRM table v1 driving (OpenStreetMap), consulta 30-sep-2026"
D76113,C07,99.136,99.136,OSRM,Bugalagrande,Yumbo,83.488,1.187,1,49568.15,"OSRM table v1 driving (OpenStreetMap), consulta 30-sep-2026"
D76113,C08,120.652,120.652,OSRM,Bugalagrande,Florida,98.697,1.222,1,60326.1,"OSRM table v1 driving (OpenStreetMap), consulta 30-sep-2026"
D76113,C09,68.779,68.779,OSRM,Bugalagrande,El Cerrito,60.769,1.132,1,34389.7,"OSRM table v1 driving (OpenStreetMap), consulta 30-sep-2026"
D76113,C10,106.73,106.73,OSRM,Bugalagrande,Pradera,88.19,1.21,1,53365.1,"OSRM table v1 driving (OpenStreetMap), consulta 30-sep-2026"
D76113,C11,59.754,59.754,OSRM,Bugalagrande,Guacarí,53.276,1.122,1,29877.05,"OSRM table v1 driving (OpenStreetMap), consulta 30-sep-2026"
D76113,C12,71.467,71.467,OSRM,Bugalagrande,Ginebra,55.234,1.294,1,35733.4,"OSRM table v1 driving (OpenStreetMap), consulta 30-sep-2026"
D76113,C13,128.91,128.91,OSRM,Bugalagrande,Chinchiná,105.682,1.22,1,64454.85,"OSRM table v1 driving (OpenStreetMap), consulta 30-sep-2026"
D76113,C14,186.0,184.994,Google Maps,Bugalagrande,Supía,148.737,1.251,0,93000.0,"Google Maps (modo carro), consulta 1-oct-2026"
D76113,C15,263.0,249.962,Google Maps,Bugalagrande,Aguadas,174.203,1.51,0,131500.0,"Google Maps (modo carro), consulta 1-oct-2026"
D76113,C16,286.702,286.702,OSRM,Bugalagrande,Pensilvania,171.057,1.676,0,143351.1,"OSRM table v1 driving (OpenStreetMap), consulta 30-sep-2026"
D76113,C17,316.425,316.425,OSRM,Bugalagrande,La Dorada,215.817,1.466,0,158212.7,"OSRM table v1 driving (OpenStreetMap), consulta 30-sep-2026"
D76113,R01,56.517,56.517,OSRM,Bugalagrande,La Tebaida,49.264,1.147,1,28258.7,"OSRM table v1 driving (OpenStreetMap), consulta 30-sep-2026"
D76616,C01,86.003,86.003,OSRM,Riofrío,Palmira,69.547,1.237,1,43001.4,"OSRM table v1 driving (OpenStreetMap), consulta 30-sep-2026"
D76616,C02,14.312,14.312,OSRM,Riofrío,Tuluá,12.812,1.117,1,7155.95,"OSRM table v1 driving (OpenStreetMap), consulta 30-sep-2026"
D76616,C03,126.817,126.817,OSRM,Riofrío,Jamundí,103.656,1.223,1,63408.6,"OSRM table v1 driving (OpenStreetMap), consulta 30-sep-2026"
D76616,C04,103.296,103.296,OSRM,Riofrío,Cartago,76.572,1.349,1,51648.05,"OSRM table v1 driving (OpenStreetMap), consulta 30-sep-2026"
D76616,C05,39.318,39.318,OSRM,Riofrío,Guadalajara de Buga,28.51,1.379,1,19658.85,"OSRM table v1 driving (OpenStreetMap), consulta 30-sep-2026"
D76616,C06,99.537,99.537,OSRM,Riofrío,Candelaria,83.486,1.192,1,49768.5,"OSRM table v1 driving (OpenStreetMap), consulta 30-sep-2026"
D76616,C07,85.67,85.67,OSRM,Riofrío,Yumbo,72.492,1.182,1,42835.15,"OSRM table v1 driving (OpenStreetMap), consulta 30-sep-2026"
D76616,C08,117.663,117.663,OSRM,Riofrío,Florida,92.797,1.268,1,58831.7,"OSRM table v1 driving (OpenStreetMap), consulta 30-sep-2026"
D76616,C09,65.791,65.791,OSRM,Riofrío,El Cerrito,52.625,1.25,1,32895.35,"OSRM table v1 driving (OpenStreetMap), consulta 30-sep-2026"
D76616,C10,103.741,103.741,OSRM,Riofrío,Pradera,82.126,1.263,1,51870.7,"OSRM table v1 driving (OpenStreetMap), consulta 30-sep-2026"
D76616,C11,56.765,56.765,OSRM,Riofrío,Guacarí,44.186,1.285,1,28382.7,"OSRM table v1 driving (OpenStreetMap), consulta 30-sep-2026"
D76616,C12,68.478,68.478,OSRM,Riofrío,Ginebra,48.169,1.422,1,34239.05,"OSRM table v1 driving (OpenStreetMap), consulta 30-sep-2026"
D76616,C13,159.059,159.059,OSRM,Riofrío,Chinchiná,119.068,1.336,1,79529.4,"OSRM table v1 driving (OpenStreetMap), consulta 30-sep-2026"
D76616,C14,202.0,215.143,Google Maps,Riofrío,Supía,159.941,1.263,0,101000.0,"Google Maps (modo carro), consulta 1-oct-2026"
D76616,C15,280.111,280.111,OSRM,Riofrío,Aguadas,186.123,1.505,0,140055.5,"OSRM table v1 driving (OpenStreetMap), consulta 30-sep-2026"
D76616,C16,316.851,316.851,OSRM,Riofrío,Pensilvania,184.984,1.713,0,158425.65,"OSRM table v1 driving (OpenStreetMap), consulta 30-sep-2026"
D76616,C17,346.574,346.574,OSRM,Riofrío,La Dorada,230.698,1.502,0,173287.25,"OSRM table v1 driving (OpenStreetMap), consulta 30-sep-2026"
D76616,R01,86.666,86.666,OSRM,Riofrío,La Tebaida,64.659,1.34,1,43333.25,"OSRM table v1 driving (OpenStreetMap), consulta 30-sep-2026"
D76122,C01,144.811,144.811,OSRM,Caicedonia,Palmira,103.325,1.402,1,72405.65,"OSRM table v1 driving (OpenStreetMap), consulta 30-sep-2026"
D76122,C02,73.398,73.398,OSRM,Caicedonia,Tuluá,49.262,1.49,1,36699.0,"OSRM table v1 driving (OpenStreetMap), consulta 30-sep-2026"
D76122,C03,186.0,185.626,Google Maps,Caicedonia,Jamundí,143.126,1.3,0,93000.0,"Google Maps (modo carro), consulta 1-oct-2026"
D76122,C04,94.254,94.254,OSRM,Caicedonia,Cartago,46.477,2.028,1,47126.8,"OSRM table v1 driving (OpenStreetMap), consulta 30-sep-2026"
D76122,C05,98.126,98.126,OSRM,Caicedonia,Guadalajara de Buga,70.91,1.384,1,49063.1,"OSRM table v1 driving (OpenStreetMap), consulta 30-sep-2026"
D76122,C06,158.346,158.346,OSRM,Caicedonia,Candelaria,117.85,1.344,1,79172.75,"OSRM table v1 driving (OpenStreetMap), consulta 30-sep-2026"
D76122,C07,154.956,154.956,OSRM,Caicedonia,Yumbo,115.419,1.343,1,77478.05,"OSRM table v1 driving (OpenStreetMap), consulta 30-sep-2026"
D76122,C08,178.0,176.472,Google Maps,Caicedonia,Florida,120.976,1.471,1,89000.0,"Google Maps (modo carro), consulta 1-oct-2026"
D76122,C09,124.599,124.599,OSRM,Caicedonia,El Cerrito,89.913,1.386,1,62299.6,"OSRM table v1 driving (OpenStreetMap), consulta 30-sep-2026"
D76122,C10,162.0,162.55,Google Maps,Caicedonia,Pradera,111.504,1.453,1,81000.0,"Google Maps (modo carro), consulta 1-oct-2026"
D76122,C11,115.574,115.574,OSRM,Caicedonia,Guacarí,84.493,1.368,1,57786.95,"OSRM table v1 driving (OpenStreetMap), consulta 30-sep-2026"
D76122,C12,127.286,127.286,OSRM,Caicedonia,Ginebra,83.456,1.525,1,63643.25,"OSRM table v1 driving (OpenStreetMap), consulta 30-sep-2026"
D76122,C13,111.009,111.009,OSRM,Caicedonia,Chinchiná,76.432,1.452,1,55504.4,"OSRM table v1 driving (OpenStreetMap), consulta 30-sep-2026"
D76122,C14,178.0,206.101,Google Maps,Caicedonia,Supía,125.267,1.421,1,89000.0,"Google Maps (modo carro), consulta 1-oct-2026"
D76122,C15,252.451,252.451,OSRM,Caicedonia,Aguadas,147.803,1.708,0,126225.6,"OSRM table v1 driving (OpenStreetMap), consulta 30-sep-2026"
D76122,C16,318.739,318.739,OSRM,Caicedonia,Pensilvania,138.229,2.306,0,159369.35,"OSRM table v1 driving (OpenStreetMap), consulta 30-sep-2026"
D76122,C17,272.9,272.9,OSRM,Caicedonia,La Dorada,179.564,1.52,0,136449.85,"OSRM table v1 driving (OpenStreetMap), consulta 30-sep-2026"
D76122,R01,26.889,26.889,OSRM,Caicedonia,La Tebaida,14.086,1.909,1,13444.4,"OSRM table v1 driving (OpenStreetMap), consulta 30-sep-2026"
D63190,C01,178.0,175.913,Google Maps,Circasia,Palmira,141.366,1.259,1,89000.0,"Google Maps (modo carro), consulta 1-oct-2026"
D63190,C02,104.5,104.5,OSRM,Circasia,Tuluá,85.882,1.217,1,52250.05,"OSRM table v1 driving (OpenStreetMap), consulta 30-sep-2026"
D63190,C03,214.0,216.728,Google Maps,Circasia,Jamundí,181.235,1.181,0,107000.0,"Google Maps (modo carro), consulta 1-oct-2026"
D63190,C04,57.001,57.001,OSRM,Circasia,Cartago,34.771,1.639,1,28500.55,"OSRM table v1 driving (OpenStreetMap), consulta 30-sep-2026"
D63190,C05,129.228,129.228,OSRM,Circasia,Guadalajara de Buga,108.41,1.192,1,64614.15,"OSRM table v1 driving (OpenStreetMap), consulta 30-sep-2026"
D63190,C06,186.0,189.448,Google Maps,Circasia,Candelaria,155.842,1.194,0,93000.0,"Google Maps (modo carro), consulta 1-oct-2026"
D63190,C07,183.0,186.058,Google Maps,Circasia,Yumbo,153.391,1.193,0,91500.0,"Google Maps (modo carro), consulta 1-oct-2026"
D63190,C08,205.0,207.574,Google Maps,Circasia,Florida,158.389,1.294,0,102500.0,"Google Maps (modo carro), consulta 1-oct-2026"
D63190,C09,155.701,155.701,OSRM,Circasia,El Cerrito,128.009,1.216,1,77850.65,"OSRM table v1 driving (OpenStreetMap), consulta 30-sep-2026"
D63190,C10,190.0,193.652,Google Maps,Circasia,Pradera,149.17,1.274,0,95000.0,"Google Maps (modo carro), consulta 1-oct-2026"
D63190,C11,146.676,146.676,OSRM,Circasia,Guacarí,122.427,1.198,1,73338.0,"OSRM table v1 driving (OpenStreetMap), consulta 30-sep-2026"
D63190,C12,158.389,158.389,OSRM,Circasia,Ginebra,121.564,1.303,1,79194.35,"OSRM table v1 driving (OpenStreetMap), consulta 30-sep-2026"
D63190,C13,63.063,63.063,OSRM,Circasia,Chinchiná,40.987,1.539,1,31531.45,"OSRM table v1 driving (OpenStreetMap), consulta 30-sep-2026"
D63190,C14,137.736,137.736,OSRM,Circasia,Supía,92.202,1.494,1,68868.15,"OSRM table v1 driving (OpenStreetMap), consulta 30-sep-2026"
D63190,C15,209.0,204.505,Google Maps,Circasia,Aguadas,112.178,1.863,0,104500.0,"Google Maps (modo carro), consulta 1-oct-2026"
D63190,C16,294.144,294.144,OSRM,Circasia,Pensilvania,100.143,2.937,0,147072.15,"OSRM table v1 driving (OpenStreetMap), consulta 30-sep-2026"
D63190,C17,249.0,248.305,Google Maps,Circasia,La Dorada,142.399,1.749,0,124500.0,"Google Maps (modo carro), consulta 1-oct-2026"
D63190,R01,31.213,31.213,OSRM,Circasia,La Tebaida,24.705,1.263,1,15606.3,"OSRM table v1 driving (OpenStreetMap), consulta 30-sep-2026"
D63130,C01,173.0,168.573,Google Maps,Calarcá,Palmira,131.707,1.314,1,86500.0,"Google Maps (modo carro), consulta 1-oct-2026"
D63130,C02,97.16,97.16,OSRM,Calarcá,Tuluá,78.021,1.245,1,48579.95,"OSRM table v1 driving (OpenStreetMap), consulta 30-sep-2026"
D63130,C03,208.0,209.388,Google Maps,Calarcá,Jamundí,171.755,1.211,0,104000.0,"Google Maps (modo carro), consulta 1-oct-2026"
D63130,C04,59.486,59.486,OSRM,Calarcá,Cartago,39.451,1.508,1,29742.75,"OSRM table v1 driving (OpenStreetMap), consulta 30-sep-2026"
D63130,C05,121.888,121.888,OSRM,Calarcá,Guadalajara de Buga,99.994,1.219,1,60944.05,"OSRM table v1 driving (OpenStreetMap), consulta 30-sep-2026"
D63130,C06,181.0,182.107,Google Maps,Calarcá,Candelaria,146.093,1.239,0,90500.0,"Google Maps (modo carro), consulta 1-oct-2026"
D63130,C07,178.0,178.718,Google Maps,Calarcá,Yumbo,144.447,1.232,1,89000.0,"Google Maps (modo carro), consulta 1-oct-2026"
D63130,C08,200.0,200.234,Google Maps,Calarcá,Florida,148.216,1.349,0,100000.0,"Google Maps (modo carro), consulta 1-oct-2026"
D63130,C09,148.361,148.361,OSRM,Calarcá,El Cerrito,118.791,1.249,1,74180.55,"OSRM table v1 driving (OpenStreetMap), consulta 30-sep-2026"
D63130,C10,184.0,186.312,Google Maps,Calarcá,Pradera,139.14,1.322,0,92000.0,"Google Maps (modo carro), consulta 1-oct-2026"
D63130,C11,139.336,139.336,OSRM,Calarcá,Guacarí,113.553,1.227,1,69667.85,"OSRM table v1 driving (OpenStreetMap), consulta 30-sep-2026"
D63130,C12,151.048,151.048,OSRM,Calarcá,Ginebra,112.288,1.345,1,75524.2,"OSRM table v1 driving (OpenStreetMap), consulta 30-sep-2026"
D63130,C13,74.735,74.735,OSRM,Calarcá,Chinchiná,51.798,1.443,1,37367.6,"OSRM table v1 driving (OpenStreetMap), consulta 30-sep-2026"
D63130,C14,149.409,149.409,OSRM,Calarcá,Supía,102.952,1.451,1,74704.3,"OSRM table v1 driving (OpenStreetMap), consulta 30-sep-2026"
D63130,C15,220.0,216.178,Google Maps,Calarcá,Aguadas,122.958,1.789,0,110000.0,"Google Maps (modo carro), consulta 1-oct-2026"
D63130,C16,283.483,283.483,OSRM,Calarcá,Pensilvania,109.953,2.578,0,141741.65,"OSRM table v1 driving (OpenStreetMap), consulta 30-sep-2026"
D63130,C17,238.0,237.644,Google Maps,Calarcá,La Dorada,150.468,1.582,0,119000.0,"Google Maps (modo carro), consulta 1-oct-2026"
D63130,R01,23.872,23.872,OSRM,Calarcá,La Tebaida,17.306,1.379,1,11936.15,"OSRM table v1 driving (OpenStreetMap), consulta 30-sep-2026"
