id,C01,C02,C03,C04,C05,C06,C07,C08,C09,C10,C11,C12,C13,C14,C15,C16,C17,R01
D66001,195.0,117.0,230.0,30.4,141.912,203.0,200.0,222.0,170.0,206.0,159.36,172.0,33.0,107.228,178.0,192.0,223.0,67.062
D76001,34.4,96.5,19.6,185.0,74.523,27.699,17.734,41.817,50.27,41.372,58.964,55.908,245.096,301.181,366.148,402.889,432.612,169.0
D76109,144.0,135.102,137.589,225.0,111.0,140.776,128.353,154.894,133.618,155.0,124.592,136.305,279.252,335.337,400.304,437.045,466.768,208.0
D63001,167.0,89.1,202.0,53.4,118.166,174.0,171.0,193.0,144.638,178.0,135.613,147.326,76.69,151.364,220.0,289.123,244.0,20.15
D66170,199.0,120.846,233.074,34.006,145.575,207.0,203.0,226.0,174.0,210.0,164.0,175.0,26.065,100.738,171.0,185.0,216.0,68.819
D17001,241.984,171.0,282.798,83.73,196.0,255.518,252.129,273.645,223.0,259.723,212.0,224.0,27.6,81.988,122.567,135.0,166.0,118.927
D66682,210.0,131.239,243.467,44.398,155.968,218.0,215.0,234.313,185.0,222.0,175.0,187.0,14.7,89.373,156.142,173.0,204.0,79.596
D63594,194.0,115.955,229.0,31.987,140.683,202.0,199.0,221.0,169.0,205.0,158.131,170.0,65.912,144.042,218.0,242.0,263.412,28.45
D76233,74.98,94.755,70.298,184.0,69.663,73.485,61.062,87.603,93.271,92.666,84.246,95.958,238.906,294.99,359.958,396.698,426.422,167.0
D63470,168.0,90.769,203.0,41.819,115.498,176.0,173.0,195.0,141.97,180.0,132.945,144.658,75.744,153.874,224.0,299.558,254.0,19.538
D76622,118.704,47.291,159.519,58.664,72.019,132.239,123.028,150.365,98.492,136.443,89.467,101.18,114.427,162.0,240.0,272.219,316.182,56.274
D76890,56.624,37.896,77.426,126.284,12.804,70.167,44.26,88.294,36.412,74.363,27.387,39.1,185.0,239.0,303.099,339.84,369.563,109.655
D76828,95.571,23.88,136.385,112.864,48.886,109.105,95.238,127.232,75.359,113.31,66.334,78.046,171.0,211.0,289.679,326.42,356.143,96.235
D76054,204.0,126.432,238.659,37.594,151.16,212.0,209.0,231.0,180.0,216.0,169.0,181.0,94.967,138.946,217.0,280.17,330.264,95.302
D17873,242.963,172.0,283.777,84.708,197.0,256.497,253.108,274.624,254.0,260.702,214.0,226.0,28.481,85.641,127.487,134.0,165.0,119.906
D76400,137.493,66.08,180.0,42.707,90.808,151.027,147.638,172.0,117.281,155.232,108.255,119.968,98.47,154.554,224.0,256.262,307.166,65.034
D76823,145.891,74.478,188.0,38.2,99.206,159.425,156.036,180.0,125.679,165.0,116.654,128.366,93.963,136.543,216.0,277.767,315.565,73.432
D76606,79.055,60.327,95.227,148.715,35.235,92.589,51.304,110.716,58.843,96.794,49.818,61.53,207.0,260.562,325.53,362.27,391.994,132.086
D76895,112.985,41.572,153.8,49.107,66.3,126.52,123.13,144.646,92.773,130.724,83.748,95.461,104.869,161.0,238.0,262.662,307.043,47.135
D76736,125.867,54.454,167.0,84.474,79.182,139.401,136.012,157.528,105.655,143.606,96.63,108.342,140.237,208.0,261.289,337.426,291.587,37.614
D76246,233.0,155.253,267.481,66.415,181.0,240.201,236.811,258.327,208.0,244.405,204.0,210.0,123.789,169.0,246.0,308.992,359.085,124.123
D76041,178.0,100.311,213.0,11.474,125.04,186.0,183.0,205.0,151.513,190.0,142.487,154.2,68.847,112.826,190.0,254.05,304.143,69.182
D76377,48.811,88.282,68.26,187.0,63.189,57.718,23.344,75.845,47.063,68.798,55.39,56.294,232.432,288.517,353.485,390.225,419.948,170.0
D66400,191.0,112.941,226.0,26.1,137.669,198.0,195.0,217.0,166.0,202.0,155.117,167.0,74.272,90.934,155.901,220.0,298.805,82.478
D76113,88.992,17.578,129.806,73.147,42.306,102.526,99.136,120.652,68.779,106.73,59.754,71.467,128.91,186.0,263.0,286.702,316.425,56.517
D76616,86.003,14.312,126.817,103.296,39.318,99.537,85.67,117.663,65.791,103.741,56.765,68.478,159.059,202.0,280.111,316.851,346.574,86.666
D76122,144.811,73.398,186.0,94.254,98.126,158.346,154.956,178.0,124.599,162.0,115.574,127.286,111.009,178.0,252.451,318.739,272.9,26.889
D63190,178.0,104.5,214.0,57.001,129.228,186.0,183.0,205.0,155.701,190.0,146.676,158.389,63.063,137.736,209.0,294.144,249.0,31.213
D63130,173.0,97.16,208.0,59.486,121.888,181.0,178.0,200.0,148.361,184.0,139.336,151.048,74.735,149.409,220.0,283.483,238.0,23.872
