divipola,municipio,departamento,tipo,id,rol,lat,lon,fuente_coord
66001,Pereira,Risaralda,demanda,D66001,Afectado,4.804985,-75.719711,"DIVIPOLA (DANE) datos.gov.co gdxc-w37w, consulta 30-sep-2026"
76001,Cali,Valle del Cauca,demanda,D76001,Afectado,3.413686,-76.52133,"DIVIPOLA (DANE) datos.gov.co gdxc-w37w, consulta 30-sep-2026"
76109,Buenaventura,Valle del Cauca,demanda,D76109,Afectado,3.875708,-77.01074,"DIVIPOLA (DANE) datos.gov.co gdxc-w37w, consulta 30-sep-2026"
63001,Armenia,Quindío,demanda,D63001,Afectado,4.53598,-75.680786,"DIVIPOLA (DANE) datos.gov.co gdxc-w37w, consulta 30-sep-2026"
66170,Dosquebradas,Risaralda,demanda,D66170,Afectado,4.833131,-75.675371,"DIVIPOLA (DANE) datos.gov.co gdxc-w37w, consulta 30-sep-2026"
17001,Manizales,Caldas,demanda,D17001,Afectado,5.057657,-75.491025,"DIVIPOLA (DANE) datos.gov.co gdxc-w37w, consulta 30-sep-2026"
66682,Santa Rosa de Cabal,Risaralda,demanda,D66682,Afectado,4.876271,-75.623268,"DIVIPOLA (DANE) datos.gov.co gdxc-w37w, consulta 30-sep-2026"
63594,Quimbaya,Quindío,demanda,D63594,Afectado,4.624387,-75.765074,"DIVIPOLA (DANE) datos.gov.co gdxc-w37w, consulta 30-sep-2026"
76233,Dagua,Valle del Cauca,demanda,D76233,Afectado,3.657318,-76.68886,"DIVIPOLA (DANE) datos.gov.co gdxc-w37w, consulta 30-sep-2026"
63470,Montenegro,Quindío,demanda,D63470,Afectado,4.565057,-75.749827,"DIVIPOLA (DANE) datos.gov.co gdxc-w37w, consulta 30-sep-2026"
76622,Roldanillo,Valle del Cauca,demanda,D76622,Afectado,4.413601,-76.152277,"DIVIPOLA (DANE) datos.gov.co gdxc-w37w, consulta 30-sep-2026"
76890,Yotoco,Valle del Cauca,demanda,D76890,Afectado,3.861241,-76.382698,"DIVIPOLA (DANE) datos.gov.co gdxc-w37w, consulta 30-sep-2026"
76828,Trujillo,Valle del Cauca,demanda,D76828,Afectado,4.212037,-76.318818,"DIVIPOLA (DANE) datos.gov.co gdxc-w37w, consulta 30-sep-2026"
76054,Argelia,Valle del Cauca,demanda,D76054,Afectado,4.726945,-76.119905,"DIVIPOLA (DANE) datos.gov.co gdxc-w37w, consulta 30-sep-2026"
17873,Villamaría,Caldas,demanda,D17873,Afectado,5.038925,-75.502487,"DIVIPOLA (DANE) datos.gov.co gdxc-w37w, consulta 30-sep-2026"
76400,La Unión,Valle del Cauca,demanda,D76400,Afectado,4.533869,-76.099661,"DIVIPOLA (DANE) datos.gov.co gdxc-w37w, consulta 30-sep-2026"
76823,Toro,Valle del Cauca,demanda,D76823,Afectado,4.608085,-76.076859,"DIVIPOLA (DANE) datos.gov.co gdxc-w37w, consulta 30-sep-2026"
76606,Restrepo,Valle del Cauca,demanda,D76606,Afectado,3.821351,-76.523329,"DIVIPOLA (DANE) datos.gov.co gdxc-w37w, consulta 30-sep-2026"
76895,Zarzal,Valle del Cauca,demanda,D76895,Afectado,4.392658,-76.070795,"DIVIPOLA (DANE) datos.gov.co gdxc-w37w, consulta 30-sep-2026"
76736,Sevilla,Valle del Cauca,demanda,D76736,Afectado,4.270714,-75.931629,"DIVIPOLA (DANE) datos.gov.co gdxc-w37w, consulta 30-sep-2026"
76246,El Cairo,Valle del Cauca,demanda,D76246,Afectado,4.760874,-76.221611,"DIVIPOLA (DANE) datos.gov.co gdxc-w37w, consulta 30-sep-2026"
76041,Ansermanuevo,Valle del Cauca,demanda,D76041,Afectado,4.794984,-75.992003,"DIVIPOLA (DANE) datos.gov.co gdxc-w37w, consulta 30-sep-2026"
76377,La Cumbre,Valle del Cauca,demanda,D76377,Afectado,3.649268,-76.56805,"DIVIPOLA (DANE) datos.gov.co gdxc-w37w, consulta 30-sep-2026"
66400,La Virginia,Risaralda,demanda,D66400,Afectado,4.896624,-75.880394,"DIVIPOLA (DANE) datos.gov.co gdxc-w37w, consulta 30-sep-2026"
76113,Bugalagrande,Valle del Cauca,demanda,D76113,Afectado,4.208358,-76.15682,"DIVIPOLA (DANE) datos.gov.co gdxc-w37w, consulta 30-sep-2026"
76616,Riofrío,Valle del Cauca,demanda,D76616,Afectado,4.156908,-76.288313,"DIVIPOLA (DANE) datos.gov.co gdxc-w37w, consulta 30-sep-2026"
76122,Caicedonia,Valle del Cauca,demanda,D76122,Afectado,4.334808,-75.830594,"DIVIPOLA (DANE) datos.gov.co gdxc-w37w, consulta 30-sep-2026"
63190,Circasia,Quindío,demanda,D63190,Afectado,4.617759,-75.636533,"DIVIPOLA (DANE) datos.gov.co gdxc-w37w, consulta 30-sep-2026"
63130,Calarcá,Quindío,demanda,D63130,Afectado,4.520982,-75.646085,"DIVIPOLA (DANE) datos.gov.co gdxc-w37w, consulta 30-sep-2026"
76520,Palmira,Valle del Cauca,candidato,C01,Candidato,3.531544,-76.298846,"DIVIPOLA (DANE) datos.gov.co gdxc-w37w, consulta 30-sep-2026"
76834,Tuluá,Valle del Cauca,candidato,C02,Candidato,4.085399,-76.197731,"DIVIPOLA (DANE) datos.gov.co gdxc-w37w, consulta 30-sep-2026"
76364,Jamundí,Valle del Cauca,candidato,C03,Candidato,3.258751,-76.538472,"DIVIPOLA (DANE) datos.gov.co gdxc-w37w, consulta 30-sep-2026"
76147,Cartago,Valle del Cauca,candidato,C04,Candidato,4.742192,-75.924374,"DIVIPOLA (DANE) datos.gov.co gdxc-w37w, consulta 30-sep-2026"
76111,Guadalajara de Buga,Valle del Cauca,candidato,C05,Candidato,3.900736,-76.298979,"DIVIPOLA (DANE) datos.gov.co gdxc-w37w, consulta 30-sep-2026"
76130,Candelaria,Valle del Cauca,candidato,C06,Candidato,3.408354,-76.346519,"DIVIPOLA (DANE) datos.gov.co gdxc-w37w, consulta 30-sep-2026"
76892,Yumbo,Valle del Cauca,candidato,C07,Candidato,3.540097,-76.499893,"DIVIPOLA (DANE) datos.gov.co gdxc-w37w, consulta 30-sep-2026"
76275,Florida,Valle del Cauca,candidato,C08,Candidato,3.324118,-76.234199,"DIVIPOLA (DANE) datos.gov.co gdxc-w37w, consulta 30-sep-2026"
76248,El Cerrito,Valle del Cauca,candidato,C09,Candidato,3.684229,-76.311972,"DIVIPOLA (DANE) datos.gov.co gdxc-w37w, consulta 30-sep-2026"
76563,Pradera,Valle del Cauca,candidato,C10,Candidato,3.419793,-76.241799,"DIVIPOLA (DANE) datos.gov.co gdxc-w37w, consulta 30-sep-2026"
76318,Guacarí,Valle del Cauca,candidato,C11,Candidato,3.761815,-76.330911,"DIVIPOLA (DANE) datos.gov.co gdxc-w37w, consulta 30-sep-2026"
76306,Ginebra,Valle del Cauca,candidato,C12,Candidato,3.724181,-76.268068,"DIVIPOLA (DANE) datos.gov.co gdxc-w37w, consulta 30-sep-2026"
17174,Chinchiná,Caldas,candidato,C13,Candidato,4.985227,-75.607529,"DIVIPOLA (DANE) datos.gov.co gdxc-w37w, consulta 30-sep-2026"
17777,Supía,Caldas,candidato,C14,Candidato,5.446843,-75.64966,"DIVIPOLA (DANE) datos.gov.co gdxc-w37w, consulta 30-sep-2026"
17013,Aguadas,Caldas,candidato,C15,Candidato,5.610244,-75.45487,"DIVIPOLA (DANE) datos.gov.co gdxc-w37w, consulta 30-sep-2026"
17541,Pensilvania,Caldas,candidato,C16,Candidato,5.383281,-75.160299,"DIVIPOLA (DANE) datos.gov.co gdxc-w37w, consulta 30-sep-2026"
17380,La Dorada,Caldas,candidato,C17,Candidato,5.460834,-74.668819,"DIVIPOLA (DANE) datos.gov.co gdxc-w37w, consulta 30-sep-2026"
63401,La Tebaida,Quindío,candidato,R01,Reserva,4.453755,-75.786887,"DIVIPOLA (DANE) datos.gov.co gdxc-w37w, consulta 30-sep-2026"
