ID,Parametro,Valor,Unidad,Tipo,Fuente
P01,Costo fijo por plaza-mes (c_f),200000.0,COP/plaza-mes,Supuesto,PROVISIONAL. Supuesto propio: ≈40–55% del apoyo UNGRD por persona (Cronista 02-sep-2026: $787.907–1.050.543 por hogar-mes). Sin fuente colombiana de costo de operación de campamentos.
P02,Duración de referencia (T),3.0,meses,Supuesto,Igual al periodo de 3 pagos del apoyo económico UNGRD (Cronista 02-sep-2026).
P03,Costo variable por persona (v),60000.0,COP/persona,Supuesto,"Kit de alimentación ($29.730) + kit de aseo ($29.730), gama alta, precios minoristas D1 (El Tiempo, 14-ago-2026). No es precio institucional."
P04,Costo de transporte,500.0,COP/km·persona,Real,Enunciado del caso (costo lineal).
P05,Factor de escala – Grande,0.85,adimensional,Supuesto,Economías de escala en campamentos grandes.
P06,Factor de escala – Intermedia,1.0,adimensional,Supuesto,Categoría de referencia.
P07,Factor de escala – Pequeña,1.15,adimensional,Supuesto,Deseconomías de escala en campamentos pequeños.
P08,Capacidad – Grande,3000.0,personas,Real,Enunciado del caso.
P09,Capacidad – Intermedia,1000.0,personas,Real,Enunciado del caso.
P10,Capacidad – Pequeña,500.0,personas,Real,Enunciado del caso.
P11,Corte población Grande (≥),200000.0,habitantes,Supuesto,Corte propio (decisión 6).
P12,Corte población Intermedia (≥),100000.0,habitantes,Supuesto,Sigue el umbral de 100.000 del Sistema de Ciudades del DNP (verificado solo en fuente secundaria).
P13,Umbral NH para candidato (<),250.0,viviendas,Supuesto,S2: separa candidatos de demanda con zona gris 250–399.
P14,Umbral % población registrada para candidato (<),0.05,fracción,Supuesto,"S7: evita candidatos muy afectados en proporción (El Águila, El Dovio, Alcalá, Ulloa)."
P15,Umbral NH para demanda (≥),400.0,viviendas,Supuesto,S1: da 29 municipios.
P16,Distancia máxima de traslado,180.0,km,Real,Enunciado del caso.
P17,Presupuesto como % de Σ costo fijo de los 10 mayores,0.5,fracción,Real,Enunciado del caso.
P18,Reducción de presupuesto – escenario A,0.15,fracción,Supuesto,Enunciado pide entre 15% y 30%; se elige el extremo inferior.
P19,Reducción de presupuesto – escenario B,0.3,fracción,Supuesto,Enunciado pide entre 15% y 30%; se elige el extremo superior.
P20,Fracción a campamento f – BASE,0.1,fracción,Supuesto,"S5: escenario de planeación (ABAG/Hazus: 11,6%, rango 8,3–13,2%). No es tasa observada en Colombia."
P21,Fracción f – sensibilidad baja,0.02,fracción,Supuesto,"Cercana a lo observado (Pereira 2,3%, Manizales 2,7%)."
P22,Fracción f – sensibilidad media,0.05,fracción,Supuesto,"Techo aprox. de lo observado (Dosquebradas 4,4%)."
P23,Fracción f – sensibilidad alta,0.13,fracción,Supuesto,Extremo alto del rango ABAG.
P24,Tamaño de hogar alternativo,3.0,personas/hogar,Supuesto,Sensibilidad; la base usa personas/familias del RUD por municipio (S6).
