id,municipio,departamento,candidatos_a_180km,dist_min_km,candidato_mas_cercano,nivel,rol,demandas_a_180km,demanda_base_a_180km,municipios_a_180km,pares_que_dependen_de_Google,cumple_criterio_ciudad_cercana,criterio_ciudad_cercana
D66001,Pereira,Risaralda,9.0,30.4,Cartago,demanda,,,,,,,
D76001,Cali,Valle del Cauca,11.0,17.7,Yumbo,demanda,,,,,,,
D76109,Buenaventura,Valle del Cauca,11.0,111.0,Guadalajara de Buga,demanda,,,,,,,
D63001,Armenia,Quindío,12.0,53.4,Cartago,demanda,,,,,,,
D66170,Dosquebradas,Risaralda,9.0,26.1,Chinchiná,demanda,,,,,,,
D17001,Manizales,Caldas,7.0,27.6,Chinchiná,demanda,,,,,,,
D66682,Santa Rosa de Cabal,Risaralda,8.0,14.7,Chinchiná,demanda,,,,,,,
D63594,Quimbaya,Quindío,8.0,32.0,Cartago,demanda,,,,,,,
D76233,Dagua,Valle del Cauca,11.0,61.1,Yumbo,demanda,,,,,,,
D63470,Montenegro,Quindío,12.0,41.8,Cartago,demanda,,,,,,,
D76622,Roldanillo,Valle del Cauca,14.0,47.3,Tuluá,demanda,,,,,,,
D76890,Yotoco,Valle del Cauca,12.0,12.8,Guadalajara de Buga,demanda,,,,,,,
D76828,Trujillo,Valle del Cauca,13.0,23.9,Tuluá,demanda,,,,,,,
D76054,Argelia,Valle del Cauca,7.0,37.6,Cartago,demanda,,,,,,,
D17873,Villamaría,Caldas,7.0,28.5,Chinchiná,demanda,,,,,,,
D76400,La Unión,Valle del Cauca,14.0,42.7,Cartago,demanda,,,,,,,
D76823,Toro,Valle del Cauca,13.0,38.2,Cartago,demanda,,,,,,,
D76606,Restrepo,Valle del Cauca,12.0,35.2,Guadalajara de Buga,demanda,,,,,,,
D76895,Zarzal,Valle del Cauca,14.0,41.6,Tuluá,demanda,,,,,,,
D76736,Sevilla,Valle del Cauca,13.0,54.5,Tuluá,demanda,,,,,,,
D76246,El Cairo,Valle del Cauca,4.0,66.4,Cartago,demanda,,,,,,,
D76041,Ansermanuevo,Valle del Cauca,9.0,11.5,Cartago,demanda,,,,,,,
D76377,La Cumbre,Valle del Cauca,11.0,23.3,Yumbo,demanda,,,,,,,
D66400,La Virginia,Risaralda,9.0,26.1,Cartago,demanda,,,,,,,
D76113,Bugalagrande,Valle del Cauca,13.0,17.6,Tuluá,demanda,,,,,,,
D76616,Riofrío,Valle del Cauca,13.0,14.3,Tuluá,demanda,,,,,,,
D76122,Caicedonia,Valle del Cauca,13.0,73.4,Tuluá,demanda,,,,,,,
D63190,Circasia,Quindío,9.0,57.0,Cartago,demanda,,,,,,,
D63130,Calarcá,Quindío,10.0,59.5,Cartago,demanda,,,,,,,
C01,Palmira,,,34.4,,sitio,Candidato,20.0,10347.0,"Cali, Buenaventura, Armenia, Dagua, Montenegro, Roldanillo, Yotoco, Trujillo, La Unión, Toro, Restrepo, Zarzal, Sevilla, Ansermanuevo, La Cumbre, Bugalagrande, Riofrío, Caicedonia, Circasia, Calarcá",0.0,Sí,≥ 1 municipio afectado a ≤ 180 km por carretera (matriz final)
C02,Tuluá,,,14.3,,sitio,Candidato,29.0,18880.0,"Pereira, Cali, Buenaventura, Armenia, Dosquebradas, Manizales, Santa Rosa de Cabal, Quimbaya, Dagua, Montenegro, Roldanillo, Yotoco, Trujillo, Argelia, Villamaría, La Unión, Toro, Restrepo, Zarzal, Sevilla, El Cairo, Ansermanuevo, La Cumbre, La Virginia, Bugalagrande, Riofrío, Caicedonia, Circasia, Calarcá",0.0,Sí,≥ 1 municipio afectado a ≤ 180 km por carretera (matriz final)
C03,Jamundí,,,19.6,,sitio,Candidato,13.0,8294.0,"Cali, Buenaventura, Dagua, Roldanillo, Yotoco, Trujillo, La Unión, Restrepo, Zarzal, Sevilla, La Cumbre, Bugalagrande, Riofrío",0.0,Sí,≥ 1 municipio afectado a ≤ 180 km por carretera (matriz final)
C04,Cartago,,,11.5,,sitio,Candidato,25.0,11798.0,"Pereira, Armenia, Dosquebradas, Manizales, Santa Rosa de Cabal, Quimbaya, Montenegro, Roldanillo, Yotoco, Trujillo, Argelia, Villamaría, La Unión, Toro, Restrepo, Zarzal, Sevilla, El Cairo, Ansermanuevo, La Virginia, Bugalagrande, Riofrío, Caicedonia, Circasia, Calarcá",0.0,Sí,≥ 1 municipio afectado a ≤ 180 km por carretera (matriz final)
C05,Guadalajara de Buga,,,12.8,,sitio,Candidato,26.0,17917.0,"Pereira, Cali, Buenaventura, Armenia, Dosquebradas, Santa Rosa de Cabal, Quimbaya, Dagua, Montenegro, Roldanillo, Yotoco, Trujillo, Argelia, La Unión, Toro, Restrepo, Zarzal, Sevilla, Ansermanuevo, La Cumbre, La Virginia, Bugalagrande, Riofrío, Caicedonia, Circasia, Calarcá",0.0,Sí,≥ 1 municipio afectado a ≤ 180 km por carretera (matriz final)
C06,Candelaria,,,27.7,,sitio,Candidato,17.0,10107.0,"Cali, Buenaventura, Armenia, Dagua, Montenegro, Roldanillo, Yotoco, Trujillo, La Unión, Toro, Restrepo, Zarzal, Sevilla, La Cumbre, Bugalagrande, Riofrío, Caicedonia",0.0,Sí,≥ 1 municipio afectado a ≤ 180 km por carretera (matriz final)
C07,Yumbo,,,17.7,,sitio,Candidato,18.0,10175.0,"Cali, Buenaventura, Armenia, Dagua, Montenegro, Roldanillo, Yotoco, Trujillo, La Unión, Toro, Restrepo, Zarzal, Sevilla, La Cumbre, Bugalagrande, Riofrío, Caicedonia, Calarcá",0.0,Sí,≥ 1 municipio afectado a ≤ 180 km por carretera (matriz final)
C08,Florida,,,41.8,,sitio,Candidato,15.0,8502.0,"Cali, Buenaventura, Dagua, Roldanillo, Yotoco, Trujillo, La Unión, Toro, Restrepo, Zarzal, Sevilla, La Cumbre, Bugalagrande, Riofrío, Caicedonia",0.0,Sí,≥ 1 municipio afectado a ≤ 180 km por carretera (matriz final)
C09,El Cerrito,,,36.4,,sitio,Candidato,25.0,17481.0,"Pereira, Cali, Buenaventura, Armenia, Dosquebradas, Quimbaya, Dagua, Montenegro, Roldanillo, Yotoco, Trujillo, Argelia, La Unión, Toro, Restrepo, Zarzal, Sevilla, Ansermanuevo, La Cumbre, La Virginia, Bugalagrande, Riofrío, Caicedonia, Circasia, Calarcá",0.0,Sí,≥ 1 municipio afectado a ≤ 180 km por carretera (matriz final)
C10,Pradera,,,41.4,,sitio,Candidato,17.0,10107.0,"Cali, Buenaventura, Armenia, Dagua, Montenegro, Roldanillo, Yotoco, Trujillo, La Unión, Toro, Restrepo, Zarzal, Sevilla, La Cumbre, Bugalagrande, Riofrío, Caicedonia",1.0,Sí,≥ 1 municipio afectado a ≤ 180 km por carretera (matriz final)
C11,Guacarí,,,27.4,,sitio,Candidato,26.0,17917.0,"Pereira, Cali, Buenaventura, Armenia, Dosquebradas, Santa Rosa de Cabal, Quimbaya, Dagua, Montenegro, Roldanillo, Yotoco, Trujillo, Argelia, La Unión, Toro, Restrepo, Zarzal, Sevilla, Ansermanuevo, La Cumbre, La Virginia, Bugalagrande, Riofrío, Caicedonia, Circasia, Calarcá",0.0,Sí,≥ 1 municipio afectado a ≤ 180 km por carretera (matriz final)
C12,Ginebra,,,39.1,,sitio,Candidato,24.0,17335.0,"Pereira, Cali, Buenaventura, Armenia, Dosquebradas, Quimbaya, Dagua, Montenegro, Roldanillo, Yotoco, Trujillo, La Unión, Toro, Restrepo, Zarzal, Sevilla, Ansermanuevo, La Cumbre, La Virginia, Bugalagrande, Riofrío, Caicedonia, Circasia, Calarcá",0.0,Sí,≥ 1 municipio afectado a ≤ 180 km por carretera (matriz final)
C13,Chinchiná,,,14.7,,sitio,Candidato,23.0,11511.0,"Pereira, Armenia, Dosquebradas, Manizales, Santa Rosa de Cabal, Quimbaya, Montenegro, Roldanillo, Trujillo, Argelia, Villamaría, La Unión, Toro, Zarzal, Sevilla, El Cairo, Ansermanuevo, La Virginia, Bugalagrande, Riofrío, Caicedonia, Circasia, Calarcá",0.0,Sí,≥ 1 municipio afectado a ≤ 180 km por carretera (matriz final)
C14,Supía,,,82.0,,sitio,Candidato,19.0,11064.0,"Pereira, Armenia, Dosquebradas, Manizales, Santa Rosa de Cabal, Quimbaya, Montenegro, Roldanillo, Argelia, Villamaría, La Unión, Toro, Zarzal, El Cairo, Ansermanuevo, La Virginia, Caicedonia, Circasia, Calarcá",1.0,Sí,≥ 1 municipio afectado a ≤ 180 km por carretera (matriz final)
C15,Aguadas,,,122.6,,sitio,Candidato,6.0,7910.0,"Pereira, Dosquebradas, Manizales, Santa Rosa de Cabal, Villamaría, La Virginia",0.0,Sí,≥ 1 municipio afectado a ≤ 180 km por carretera (matriz final)
C16,Pensilvania,,,134.0,,sitio,Candidato,3.0,1296.0,"Manizales, Santa Rosa de Cabal, Villamaría",0.0,Sí,≥ 1 municipio afectado a ≤ 180 km por carretera (matriz final)
C17,La Dorada,,,165.0,,sitio,Candidato,2.0,860.0,"Manizales, Villamaría",2.0,Sí,≥ 1 municipio afectado a ≤ 180 km por carretera (matriz final)
R01,La Tebaida,,,19.5,,sitio,Reserva,28.0,16839.0,"Pereira, Cali, Armenia, Dosquebradas, Manizales, Santa Rosa de Cabal, Quimbaya, Dagua, Montenegro, Roldanillo, Yotoco, Trujillo, Argelia, Villamaría, La Unión, Toro, Restrepo, Zarzal, Sevilla, El Cairo, Ansermanuevo, La Cumbre, La Virginia, Bugalagrande, Riofrío, Caicedonia, Circasia, Calarcá",0.0,Sí,≥ 1 municipio afectado a ≤ 180 km por carretera (matriz final)
