c_f,escenario,presupuesto_MM,f,demanda,techo_personas,techo_pct,techo_pct_sin_transporte,sitios_g_i_p
100000,base,1773.8,2%,3777,3777,100.0,100.0,"(0, 0, 8)"
100000,base,1773.8,5%,9438,4541,48.1,53.0,"(1, 2, 0)"
100000,base,1773.8,10%,18880,4541,24.1,26.5,"(1, 2, 0)"
100000,base,1773.8,13%,24546,4541,18.5,20.4,"(1, 2, 0)"
100000,-15%,1507.7,2%,3777,3777,100.0,100.0,"(1, 0, 2)"
100000,-15%,1507.7,5%,9438,4000,42.4,47.7,"(1, 0, 2)"
100000,-15%,1507.7,10%,18880,4000,21.2,23.8,"(1, 0, 2)"
100000,-15%,1507.7,13%,24546,4000,16.3,18.3,"(1, 0, 2)"
100000,-30%,1241.6,2%,3777,3379,89.5,92.7,"(1, 0, 1)"
100000,-30%,1241.6,5%,9438,3379,35.8,37.1,"(1, 0, 1)"
100000,-30%,1241.6,10%,18880,3379,17.9,18.5,"(1, 0, 1)"
100000,-30%,1241.6,13%,24546,3379,13.8,14.3,"(1, 0, 1)"
150000,base,2660.6,2%,3777,3777,100.0,100.0,"(0, 0, 8)"
150000,base,2660.6,5%,9438,5000,53.0,63.6,"(1, 0, 4)"
150000,base,2660.6,10%,18880,5000,26.5,31.8,"(1, 0, 4)"
150000,base,2660.6,13%,24546,5000,20.4,24.4,"(1, 0, 4)"
150000,-15%,2261.5,2%,3777,3777,100.0,100.0,"(0, 3, 2)"
150000,-15%,2261.5,5%,9438,4500,47.7,47.7,"(1, 1, 1)"
150000,-15%,2261.5,10%,18880,4500,23.8,23.8,"(1, 1, 1)"
150000,-15%,2261.5,13%,24546,4500,18.3,18.3,"(1, 1, 1)"
150000,-30%,1862.4,2%,3777,3500,92.7,100.0,"(1, 0, 1)"
150000,-30%,1862.4,5%,9438,3500,37.1,42.4,"(1, 0, 1)"
150000,-30%,1862.4,10%,18880,3500,18.5,21.2,"(1, 0, 1)"
150000,-30%,1862.4,13%,24546,3500,14.3,16.3,"(1, 0, 1)"
200000,base,3547.5,2%,3777,3777,100.0,100.0,"(0, 0, 8)"
200000,base,3547.5,5%,9438,5416,57.4,63.6,"(2, 0, 0)"
200000,base,3547.5,10%,18880,5416,28.7,31.8,"(2, 0, 0)"
200000,base,3547.5,13%,24546,5416,22.1,24.4,"(2, 0, 0)"
200000,-15%,3015.4,2%,3777,3777,100.0,100.0,"(0, 1, 6)"
200000,-15%,3015.4,5%,9438,4500,47.7,50.4,"(1, 0, 3)"
200000,-15%,3015.4,10%,18880,4500,23.8,25.2,"(1, 0, 3)"
200000,-15%,3015.4,13%,24546,4500,18.3,19.4,"(1, 0, 3)"
200000,-30%,2483.2,2%,3777,3777,100.0,100.0,"(1, 1, 0)"
200000,-30%,2483.2,5%,9438,3925,41.6,42.4,"(1, 1, 0)"
200000,-30%,2483.2,10%,18880,3925,20.8,21.2,"(1, 1, 0)"
200000,-30%,2483.2,13%,24546,3925,16.0,16.3,"(1, 1, 0)"
250000,base,4434.4,2%,3777,3777,100.0,100.0,"(0, 0, 8)"
250000,base,4434.4,5%,9438,6000,63.6,63.6,"(2, 0, 0)"
250000,base,4434.4,10%,18880,6000,31.8,31.8,"(2, 0, 0)"
250000,base,4434.4,13%,24546,6000,24.4,24.4,"(2, 0, 0)"
250000,-15%,3769.2,2%,3777,3777,100.0,100.0,"(0, 1, 6)"
250000,-15%,3769.2,5%,9438,4500,47.7,53.0,"(1, 0, 3)"
250000,-15%,3769.2,10%,18880,4500,23.8,26.5,"(1, 0, 3)"
250000,-15%,3769.2,13%,24546,4500,18.3,20.4,"(1, 0, 3)"
250000,-30%,3104.1,2%,3777,3777,100.0,100.0,"(1, 1, 0)"
250000,-30%,3104.1,5%,9438,4000,42.4,42.4,"(1, 1, 0)"
250000,-30%,3104.1,10%,18880,4000,21.2,21.2,"(1, 1, 0)"
250000,-30%,3104.1,13%,24546,4000,16.3,16.3,"(1, 1, 0)"
300000,base,5321.2,2%,3777,3777,100.0,100.0,"(0, 0, 8)"
300000,base,5321.2,5%,9438,6000,63.6,63.6,"(2, 0, 0)"
300000,base,5321.2,10%,18880,6000,31.8,31.8,"(2, 0, 0)"
300000,base,5321.2,13%,24546,6000,24.4,24.4,"(2, 0, 0)"
300000,-15%,4523.1,2%,3777,3777,100.0,100.0,"(0, 0, 8)"
300000,-15%,4523.1,5%,9438,4756,50.4,53.0,"(1, 2, 0)"
300000,-15%,4523.1,10%,18880,4756,25.2,26.5,"(1, 2, 0)"
300000,-15%,4523.1,13%,24546,4756,19.4,20.4,"(1, 2, 0)"
300000,-30%,3724.9,2%,3777,3777,100.0,100.0,"(1, 0, 2)"
300000,-30%,3724.9,5%,9438,4000,42.4,42.4,"(1, 0, 2)"
300000,-30%,3724.9,10%,18880,4000,21.2,21.2,"(1, 0, 2)"
300000,-30%,3724.9,13%,24546,4000,16.3,16.3,"(1, 0, 2)"
400000,base,7095.0,2%,3777,3777,100.0,100.0,"(0, 0, 8)"
400000,base,7095.0,5%,9438,6000,63.6,63.6,"(2, 0, 0)"
400000,base,7095.0,10%,18880,6000,31.8,31.8,"(2, 0, 0)"
400000,base,7095.0,13%,24546,6000,24.4,24.4,"(2, 0, 0)"
400000,-15%,6030.8,2%,3777,3777,100.0,100.0,"(0, 0, 8)"
400000,-15%,6030.8,5%,9438,5000,53.0,53.0,"(1, 2, 0)"
400000,-15%,6030.8,10%,18880,5000,26.5,26.5,"(1, 2, 0)"
400000,-15%,6030.8,13%,24546,5000,20.4,20.4,"(1, 2, 0)"
400000,-30%,4966.5,2%,3777,3777,100.0,100.0,"(1, 0, 2)"
400000,-30%,4966.5,5%,9438,4000,42.4,42.4,"(1, 0, 2)"
400000,-30%,4966.5,10%,18880,4000,21.2,21.2,"(1, 0, 2)"
400000,-30%,4966.5,13%,24546,4000,16.3,16.3,"(1, 0, 2)"
