origen_idx,bloque,distancias_m,url
0,0,"0,188597.4,117184,229411.7,30343,141912.3,202131.5,198742.2,220258,168385.3",https://router.project-osrm.org/table/v1/driving/polyline(eni%5Cd_dmM%60vwFrbpBsdkB_wRpm%60DrpaAov%60Hc%7DvB%60jcDhdhAld_BbhHmvXp%7D%5Czdi%40q%7Br%40uieA%60eN)?sources=0&annotations=distance
0,1,"0,206336,159359.9,171072.6,32554.8,107228.1,173997.1,190347.3,269932.2,67062.4",https://router.project-osrm.org/table/v1/driving/polyline(eni%5Cd_dmMnpmG%60~dBsxaA%7CkPdjFwgKqhuFk_%60CadyAhfGg%7C%5Em%60e%40nik%40apx%40ucNw~~AducE%7CjyE)?sources=0&annotations=distance
1,0,"0,33064.6,100945.6,19458.8,189333.7,74522.8,27699.2,17734.4,41817.4,50270.4",https://router.project-osrm.org/table/v1/driving/polyline(qvyShq%60rMq_Vomj%40sdkB_wRpm%60DrpaAov%60Hc%7DvB%60jcDhdhAld_BbhHmvXp%7D%5Czdi%40q%7Br%40uieA%60eN)?sources=0&annotations=distance
1,1,"0,41372.4,58963.7,55907.9,245096.4,301180.9,366148.5,402888.9,432612.1,172704.1",https://router.project-osrm.org/table/v1/driving/polyline(qvyShq%60rMce%40aru%40sxaA%7CkPdjFwgKqhuFk_%60CadyAhfGg%7C%5Em%60e%40nik%40apx%40ucNw~~AducE%7CjyE)?sources=0&annotations=distance
2,0,"0,153829.6,135101.5,137588.6,223489.6,110009,140775.9,128353.3,154894,133617.5",https://router.project-osrm.org/table/v1/driving/polyline(e~sVbd%60uM%60fbAi%60jCsdkB_wRpm%60DrpaAov%60Hc%7DvB%60jcDhdhAld_BbhHmvXp%7D%5Czdi%40q%7Br%40uieA%60eN)?sources=0&annotations=distance
2,1,"0,171568.2,124592.1,136304.8,279252.3,335336.8,400304.4,437044.8,466768,206860",https://router.project-osrm.org/table/v1/driving/polyline(e~sVbd%60uMn%60xA%7BduCsxaA%7CkPdjFwgKqhuFk_%60CadyAhfGg%7C%5Em%60e%40nik%40apx%40ucNw~~AducE%7CjyE)?sources=0&annotations=distance
3,0,"0,164850.6,93437.3,205665,53196.2,118165.5,178384.8,174995.4,196511.3,144638.5",https://router.project-osrm.org/table/v1/driving/polyline(%7B%7CtZ%7Ck%7ClMvdcEzuwBsdkB_wRpm%60DrpaAov%60Hc%7DvB%60jcDhdhAld_BbhHmvXp%7D%5Czdi%40q%7Br%40uieA%60eN)?sources=0&annotations=distance
3,1,"0,182589.3,135613.2,147325.9,76690.2,151363.5,218132.5,289122.6,243283.5,20149.8",https://router.project-osrm.org/table/v1/driving/polyline(%7B%7CtZ%7Ck%7ClMd_yEhqlBsxaA%7CkPdjFwgKqhuFk_%60CadyAhfGg%7C%5Em%60e%40nik%40apx%40ucNw~~AducE%7CjyE)?sources=0&annotations=distance
4,0,"0,192259.8,120846.5,233074.2,34005.5,145574.7,205794,202404.6,223920.5,172047.8",https://router.project-osrm.org/table/v1/driving/polyline(a~n%5C%60j%7BlM%7Ce%7DFvwxBsdkB_wRpm%60DrpaAov%60Hc%7DvB%60jcDhdhAld_BbhHmvXp%7D%5Czdi%40q%7Br%40uieA%60eN)?sources=0&annotations=distance
4,1,"0,209998.5,163022.4,174735.1,26065.2,100738.5,167507.5,183857.7,263442.6,68818.6",https://router.project-osrm.org/table/v1/driving/polyline(a~n%5C%60j%7BlMj%60sGdsmBsxaA%7CkPdjFwgKqhuFk_%60CadyAhfGg%7C%5Em%60e%40nik%40apx%40ucNw~~AducE%7CjyE)?sources=0&annotations=distance
5,0,"0,241983.9,170570.6,282798.3,83729.6,195298.8,255518.1,252128.7,273644.6,221771.8",https://router.project-osrm.org/table/v1/driving/polyline(kyz%5DziwkMfaiH%7Cw%7CCsdkB_wRpm%60DrpaAov%60Hc%7DvB%60jcDhdhAld_BbhHmvXp%7D%5Czdi%40q%7Br%40uieA%60eN)?sources=0&annotations=distance
5,1,"0,259722.5,212746.5,224459.2,27502.1,81987.6,122566.8,134172.7,213842.8,118927.4",https://router.project-osrm.org/table/v1/driving/polyline(kyz%5DziwkMt%7B~HjsqCsxaA%7CkPdjFwgKqhuFk_%60CadyAhfGg%7C%5Em%60e%40nik%40apx%40ucNw~~AducE%7CjyE)?sources=0&annotations=distance
6,0,"0,202652.7,131239.3,243467,44398.3,155967.6,216186.8,212797.5,234313.3,182440.6",https://router.project-osrm.org/table/v1/driving/polyline(ukw%5CldqlMpseGj%7DbCsdkB_wRpm%60DrpaAov%60Hc%7DvB%60jcDhdhAld_BbhHmvXp%7D%5Czdi%40q%7Br%40uieA%60eN)?sources=0&annotations=distance
6,1,"0,220391.3,173415.2,185127.9,14700.1,89373.4,156142.4,172492.6,252077.4,79596.2",https://router.project-osrm.org/table/v1/driving/polyline(ukw%5CldqlM~m%7BGxxwBsxaA%7CkPdjFwgKqhuFk_%60CadyAhfGg%7C%5Em%60e%40nik%40apx%40ucNw~~AducE%7CjyE)?sources=0&annotations=distance
7,0,"0,187368.3,115954.9,228182.6,31987.2,140683.2,200902.4,197513,219028.9,167156.2",https://router.project-osrm.org/table/v1/driving/polyline(mef%5BtzlmMhmtEbggBsdkB_wRpm%60DrpaAov%60Hc%7DvB%60jcDhdhAld_BbhHmvXp%7D%5Czdi%40q%7Br%40uieA%60eN)?sources=0&annotations=distance
7,1,"0,205106.9,158130.8,169843.5,65911.9,144041.8,209009.4,223704.4,263411.8,28449.9",https://router.project-osrm.org/table/v1/driving/polyline(mef%5BtzlmMvgjFpb%7CAsxaA%7CkPdjFwgKqhuFk_%60CadyAhfGg%7C%5Em%60e%40nik%40apx%40ucNw~~AducE%7CjyE)?sources=0&annotations=distance
8,0,"0,74979.5,94755.1,70297.5,183143.2,69662.6,73484.8,61062.2,87602.9,93271.1",https://router.project-osrm.org/table/v1/driving/polyline(giiUjhasMbqWqdkAsdkB_wRpm%60DrpaAov%60Hc%7DvB%60jcDhdhAld_BbhHmvXp%7D%5Czdi%40q%7Br%40uieA%60eN)?sources=0&annotations=distance
8,1,"0,92665.7,84245.8,95958.4,238905.9,294990.4,359958.1,396698.4,426421.6,166513.6",https://router.project-osrm.org/table/v1/driving/polyline(giiUjhasMpkm%40civAsxaA%7CkPdjFwgKqhuFk_%60CadyAhfGg%7C%5Em%60e%40nik%40apx%40ucNw~~AducE%7CjyE)?sources=0&annotations=distance
9,0,"0,162182.6,90769.2,202996.9,41819.4,115497.5,175716.8,172327.4,193843.2,141970.5",https://router.project-osrm.org/table/v1/driving/polyline(srzZl%7BimMnzhEjfjBsdkB_wRpm%60DrpaAov%60Hc%7DvB%60jcDhdhAld_BbhHmvXp%7D%5Czdi%40q%7Br%40uieA%60eN)?sources=0&annotations=distance
9,1,"0,179921.2,132945.1,144657.8,75744.1,153874,218841.7,299557.9,253718.8,19538.3",https://router.project-osrm.org/table/v1/driving/polyline(srzZl%7BimM%7Ct~Exa_BsxaA%7CkPdjFwgKqhuFk_%60CadyAhfGg%7C%5Em%60e%40nik%40apx%40ucNw~~AducE%7CjyE)?sources=0&annotations=distance
10,0,"0,118704.4,47291.1,159518.8,58663.9,72019.3,132238.6,123028.3,150365,98492.3",https://router.project-osrm.org/table/v1/driving/polyline(_%60%7DYvnxoMzgkD%60s%5BsdkB_wRpm%60DrpaAov%60Hc%7DvB%60jcDhdhAld_BbhHmvXp%7D%5Czdi%40q%7Br%40uieA%60eN)?sources=0&annotations=distance
10,1,"0,136443,89467,101179.6,114426.6,170511.2,235478.8,272219.1,316182.1,56274.1",https://router.project-osrm.org/table/v1/driving/polyline(_%60%7DYvnxoMhbaEnnPsxaA%7CkPdjFwgKqhuFk_%60CadyAhfGg%7C%5Em%60e%40nik%40apx%40ucNw~~AducE%7CjyE)?sources=0&annotations=distance
11,0,"0,56624.3,37896.2,77426,126284.3,12803.7,70167.3,44260.5,88293.8,36412.2",https://router.project-osrm.org/table/v1/driving/polyline(wcqVzneqMrk_AakOsdkB_wRpm%60DrpaAov%60Hc%7DvB%60jcDhdhAld_BbhHmvXp%7D%5Czdi%40q%7Br%40uieA%60eN)?sources=0&annotations=distance
11,1,"0,74362.9,27386.8,39099.5,182047,238131.5,303099.2,339839.5,369562.7,109654.7",https://router.project-osrm.org/table/v1/driving/polyline(wcqVzneqM%60fuAsoZsxaA%7CkPdjFwgKqhuFk_%60CadyAhfGg%7C%5Em%60e%40nik%40apx%40ucNw~~AducE%7CjyE)?sources=0&annotations=distance
12,0,"0,95571.1,23880.2,136385.4,112864.4,48886,109105.2,95238.5,127231.7,75359",https://router.project-osrm.org/table/v1/driving/polyline(gtuXr_ypMb%7CcCy%7BBsdkB_wRpm%60DrpaAov%60Hc%7DvB%60jcDhdhAld_BbhHmvXp%7D%5Czdi%40q%7Br%40uieA%60eN)?sources=0&annotations=distance
12,1,"0,113309.7,66333.6,78046.3,168627,224711.6,289679.3,326419.6,356142.8,96234.8",https://router.project-osrm.org/table/v1/driving/polyline(gtuXr_ypMpvyCk%60NsxaA%7CkPdjFwgKqhuFk_%60CadyAhfGg%7C%5Em%60e%40nik%40apx%40ucNw~~AducE%7CjyE)?sources=0&annotations=distance
13,0,"0,197844.8,126431.5,238659.1,37593.7,151159.7,211378.9,207989.6,229505.4,177632.7",https://router.project-osrm.org/table/v1/driving/polyline(kfz%5BldroMfnhFj%7Da%40sdkB_wRpm%60DrpaAov%60Hc%7DvB%60jcDhdhAld_BbhHmvXp%7D%5Czdi%40q%7Br%40uieA%60eN)?sources=0&annotations=distance
13,1,"0,215583.4,168607.3,180320,94967.1,138945.8,203913.4,280170.1,330263.5,95301.6",https://router.project-osrm.org/table/v1/driving/polyline(kfz%5BldroMth~FxxVsxaA%7CkPdjFwgKqhuFk_%60CadyAhfGg%7C%5Em%60e%40nik%40apx%40ucNw~~AducE%7CjyE)?sources=0&annotations=distance
14,0,"0,242962.9,171549.5,283777.2,84708.5,196277.8,256497,253107.6,274623.5,222750.8",https://router.project-osrm.org/table/v1/driving/polyline(gdw%5DpqykMbleHfpzCsdkB_wRpm%60DrpaAov%60Hc%7DvB%60jcDhdhAld_BbhHmvXp%7D%5Czdi%40q%7Br%40uieA%60eN)?sources=0&annotations=distance
14,1,"0,260701.5,213725.4,225438.1,28481.1,85640.9,127487.1,133358.1,212943,119906.4",https://router.project-osrm.org/table/v1/driving/polyline(gdw%5DpqykMpf%7BHtkoCsxaA%7CkPdjFwgKqhuFk_%60CadyAhfGg%7C%5Em%60e%40nik%40apx%40ucNw~~AducE%7CjyE)?sources=0&annotations=distance
15,0,"0,137492.9,66079.5,178307.2,42706.9,90807.7,151027,147637.6,169153.5,117280.8",https://router.project-osrm.org/table/v1/driving/polyline(uotZzenoMpwbE%7C%7Be%40sdkB_wRpm%60DrpaAov%60Hc%7DvB%60jcDhdhAld_BbhHmvXp%7D%5Czdi%40q%7Br%40uieA%60eN)?sources=0&annotations=distance
15,1,"0,155231.5,108255.4,119968.1,98469.6,154554.2,219521.8,256262.1,307166.5,65034",https://router.project-osrm.org/table/v1/driving/polyline(uotZzenoM~qxEjwZsxaA%7CkPdjFwgKqhuFk_%60CadyAhfGg%7C%5Em%60e%40nik%40apx%40ucNw~~AducE%7CjyE)?sources=0&annotations=distance
16,0,"0,145891.2,74477.8,186705.5,38200.2,99206,159425.3,156035.9,177551.8,125679.1",https://router.project-osrm.org/table/v1/driving/polyline(o_c%5BjwioMjgqEljj%40sdkB_wRpm%60DrpaAov%60Hc%7DvB%60jcDhdhAld_BbhHmvXp%7D%5Czdi%40q%7Br%40uieA%60eN)?sources=0&annotations=distance
16,1,"0,163629.8,116653.7,128366.4,93962.9,136543,201510.6,277767.3,315564.8,73432.3",https://router.project-osrm.org/table/v1/driving/polyline(o_c%5BjwioMxagFze_%40sxaA%7CkPdjFwgKqhuFk_%60CadyAhfGg%7C%5Em%60e%40nik%40apx%40ucNw~~AducE%7CjyE)?sources=0&annotations=distance
17,0,"0,79055.3,60327.2,95227,148715.3,35234.7,92589.4,51303.8,110715.9,58843.2",https://router.project-osrm.org/table/v1/driving/polyline(mjiVx%7D%60rMhrw%40_zj%40sdkB_wRpm%60DrpaAov%60Hc%7DvB%60jcDhdhAld_BbhHmvXp%7D%5Czdi%40q%7Br%40uieA%60eN)?sources=0&annotations=distance
17,1,"0,96793.9,49817.8,61530.5,204478,260562.5,325530.1,362270.5,391993.7,132085.7",https://router.project-osrm.org/table/v1/driving/polyline(mjiVx%7D%60rMvlmAq~u%40sxaA%7CkPdjFwgKqhuFk_%60CadyAhfGg%7C%5Em%60e%40nik%40apx%40ucNw~~AducE%7CjyE)?sources=0&annotations=distance
18,0,"0,112985.4,41572,153799.7,49106.6,66300.3,126519.5,123130.2,144646,92773.3",https://router.project-osrm.org/table/v1/driving/polyline(c%7DxYnqhoM~dgDhpk%40sdkB_wRpm%60DrpaAov%60Hc%7DvB%60jcDhdhAld_BbhHmvXp%7D%5Czdi%40q%7Br%40uieA%60eN)?sources=0&annotations=distance
18,1,"0,130724,83747.9,95460.6,104869.3,160953.8,225921.4,262661.8,307043.4,47135.4",https://router.project-osrm.org/table/v1/driving/polyline(c%7DxYnqhoMl_%7DDvk%60%40sxaA%7CkPdjFwgKqhuFk_%60CadyAhfGg%7C%5Em%60e%40nik%40apx%40ucNw~~AducE%7CjyE)?sources=0&annotations=distance
19,0,"0,125867.1,54453.7,166681.4,84474.4,79181.9,139401.2,136011.8,157527.7,105655",https://router.project-osrm.org/table/v1/driving/polyline(%7DbaYtkmnMxjoCbvfAsdkB_wRpm%60DrpaAov%60Hc%7DvB%60jcDhdhAld_BbhHmvXp%7D%5Czdi%40q%7Br%40uieA%60eN)?sources=0&annotations=distance
19,1,"0,143605.7,96629.6,108342.3,140237.1,196321.6,261289.3,337426.4,291587.3,37614.2",https://router.project-osrm.org/table/v1/driving/polyline(%7DbaYtkmnMfeeDpq%7B%40sxaA%7CkPdjFwgKqhuFk_%60CadyAhfGg%7C%5Em%60e%40nik%40apx%40ucNw~~AducE%7CjyE)?sources=0&annotations=distance
20,0,"0,226666.5,155253.1,267480.8,66415.4,179981.4,240200.6,236811.3,258327.1,206454.4",https://router.project-osrm.org/table/v1/driving/polyline(mz%60%5C%60%60fpMhboFvaNsdkB_wRpm%60DrpaAov%60Hc%7DvB%60jcDhdhAld_BbhHmvXp%7D%5Czdi%40q%7Br%40uieA%60eN)?sources=0&annotations=distance
20,1,"0,244405.1,197429,209141.7,123788.8,167767.5,232735.1,308991.8,359085.2,124123.3",https://router.project-osrm.org/table/v1/driving/polyline(mz%60%5C%60%60fpMv%7CdGd%7DBsxaA%7CkPdjFwgKqhuFk_%60CadyAhfGg%7C%5Em%60e%40nik%40apx%40ucNw~~AducE%7CjyE)?sources=0&annotations=distance
21,0,"0,171724.8,100311.4,212539.1,11473.7,125039.6,185258.9,181869.5,203385.4,151512.6",https://router.project-osrm.org/table/v1/driving/polyline(sog%5C~dynMnwuFx%7Cz%40sdkB_wRpm%60DrpaAov%60Hc%7DvB%60jcDhdhAld_BbhHmvXp%7D%5Czdi%40q%7Br%40uieA%60eN)?sources=0&annotations=distance
21,1,"0,189463.4,142487.3,154200,68847,112825.8,177793.4,254050.1,304143.4,69181.5",https://router.project-osrm.org/table/v1/driving/polyline(sog%5C~dynM%7CqkGfxo%40sxaA%7CkPdjFwgKqhuFk_%60CadyAhfGg%7C%5Em%60e%40nik%40apx%40ucNw~~AducE%7CjyE)?sources=0&annotations=distance
22,0,"0,48810.8,88281.7,68260.3,176669.9,63189.2,57718.1,23344.4,75844.6,47063.2",https://router.project-osrm.org/table/v1/driving/polyline(%7DvgUhuirMx~Uoqs%40sdkB_wRpm%60DrpaAov%60Hc%7DvB%60jcDhdhAld_BbhHmvXp%7D%5Czdi%40q%7Br%40uieA%60eN)?sources=0&annotations=distance
22,1,"0,68797.5,55390.4,56294.1,232432.5,288517.1,353484.7,390225,419948.3,160040.2",https://router.project-osrm.org/table/v1/driving/polyline(%7DvgUhuirMfyk%40av~%40sxaA%7CkPdjFwgKqhuFk_%60CadyAhfGg%7C%5Em%60e%40nik%40apx%40ucNw~~AducE%7CjyE)?sources=0&annotations=distance
23,0,"0,184354,112940.7,225168.4,26099.7,137668.9,197888.2,194498.8,216014.7,164141.9",https://router.project-osrm.org/table/v1/driving/polyline(%7Bj%7B%5ClkcnMvriGjvpAsdkB_wRpm%60DrpaAov%60Hc%7DvB%60jcDhdhAld_BbhHmvXp%7D%5Czdi%40q%7Br%40uieA%60eN)?sources=0&annotations=distance
23,1,"0,202092.7,155116.6,166829.3,74272.5,90933.7,155901.3,232158,298804.6,82478.3",https://router.project-osrm.org/table/v1/driving/polyline(%7Bj%7B%5ClkcnMdm_HxqeAsxaA%7CkPdjFwgKqhuFk_%60CadyAhfGg%7C%5Em%60e%40nik%40apx%40ucNw~~AducE%7CjyE)?sources=0&annotations=distance
24,0,"0,88991.5,17578.2,129805.9,73147,42306.4,102525.7,99136.3,120652.2,68779.4",https://router.project-osrm.org/table/v1/driving/polyline(g%7DtXbkyoMbecCtvZsdkB_wRpm%60DrpaAov%60Hc%7DvB%60jcDhdhAld_BbhHmvXp%7D%5Czdi%40q%7Br%40uieA%60eN)?sources=0&annotations=distance
24,1,"0,106730.2,59754.1,71466.8,128909.7,184994.2,249961.8,286702.2,316425.4,56517.4",https://router.project-osrm.org/table/v1/driving/polyline(g%7DtXbkyoMp_yCbrOsxaA%7CkPdjFwgKqhuFk_%60CadyAhfGg%7C%5Em%60e%40nik%40apx%40ucNw~~AducE%7CjyE)?sources=0&annotations=distance
25,0,"0,86002.8,14311.9,126817.2,103296.1,39317.7,99537,85670.3,117663.4,65790.7",https://router.project-osrm.org/table/v1/driving/polyline(u%7BjX%7C%60spMpcyBz%60AsdkB_wRpm%60DrpaAov%60Hc%7DvB%60jcDhdhAld_BbhHmvXp%7D%5Czdi%40q%7Br%40uieA%60eN)?sources=0&annotations=distance
25,1,"0,103741.4,56765.4,68478.1,159058.8,215143.3,280111,316851.3,346574.5,86666.5",https://router.project-osrm.org/table/v1/driving/polyline(u%7BjX%7C%60spM~%7DnCuaHsxaA%7CkPdjFwgKqhuFk_%60CadyAhfGg%7C%5Em%60e%40nik%40apx%40ucNw~~AducE%7CjyE)?sources=0&annotations=distance
26,0,"0,144811.3,73398,185625.7,94253.6,98126.2,158345.5,154956.1,176471.9,124599.2",https://router.project-osrm.org/table/v1/driving/polyline(qsmYdtymMl%7B%7BCrmzAsdkB_wRpm%60DrpaAov%60Hc%7DvB%60jcDhdhAld_BbhHmvXp%7D%5Czdi%40q%7Br%40uieA%60eN)?sources=0&annotations=distance
26,1,"0,162549.9,115573.9,127286.5,111008.8,206100.8,252451.2,318738.7,272899.7,26888.8",https://router.project-osrm.org/table/v1/driving/polyline(qsmYdtymMzuqD%60ioAsxaA%7CkPdjFwgKqhuFk_%60CadyAhfGg%7C%5Em%60e%40nik%40apx%40ucNw~~AducE%7CjyE)?sources=0&annotations=distance
27,0,"0,175913.4,104500.1,216727.8,57001.1,129228.3,189447.6,186058.2,207574.1,155701.3",https://router.project-osrm.org/table/v1/driving/polyline(_%7Cd%5BhwslMzcsEnj%60CsdkB_wRpm%60DrpaAov%60Hc%7DvB%60jcDhdhAld_BbhHmvXp%7D%5Czdi%40q%7Br%40uieA%60eN)?sources=0&annotations=distance
27,1,"0,193652.1,146676,158388.7,63062.9,137736.3,204505.3,294144.3,248305.3,31212.6",https://router.project-osrm.org/table/v1/driving/polyline(_%7Cd%5BhwslMh~hF%7CeuBsxaA%7CkPdjFwgKqhuFk_%60CadyAhfGg%7C%5Em%60e%40nik%40apx%40ucNw~~AducE%7CjyE)?sources=0&annotations=distance
28,0,"0,168573.2,97159.9,209387.5,59485.5,121888.1,182107.3,178718,200233.8,148361.1",https://router.project-osrm.org/table/v1/driving/polyline(c_rZ~rulM~f%60Exn~BsdkB_wRpm%60DrpaAov%60Hc%7DvB%60jcDhdhAld_BbhHmvXp%7D%5Czdi%40q%7Br%40uieA%60eN)?sources=0&annotations=distance
28,1,"0,186311.8,139335.7,151048.4,74735.2,149408.6,216177.6,283483.3,237644.2,23872.3",https://router.project-osrm.org/table/v1/driving/polyline(c_rZ~rulMlavEfjsBsxaA%7CkPdjFwgKqhuFk_%60CadyAhfGg%7C%5Em%60e%40nik%40apx%40ucNw~~AducE%7CjyE)?sources=0&annotations=distance
