origen,destino,personas,municipio,departamento,campamento,distancia_km,costo_transporte,costo_kits,persona_km
D76001,C01,3000,Cali,Valle del Cauca,Palmira,34.4,51600000.0,180000000.0,103200.0
D63001,C02,1222,Armenia,Quindío,Tuluá,89.1,54440100.0,73320000.0,108880.2
D76622,C02,230,Roldanillo,Valle del Cauca,Tuluá,47.291,5438465.0,13800000.0,10876.929999999998
D76890,C02,161,Yotoco,Valle del Cauca,Tuluá,37.896,3050628.0,9660000.0,6101.256
D76828,C02,155,Trujillo,Valle del Cauca,Tuluá,23.88,1850700.0,9300000.0,3701.3999999999996
D76400,C02,134,La Unión,Valle del Cauca,Tuluá,66.08,4427360.0,8040000.0,8854.72
D76823,C02,128,Toro,Valle del Cauca,Tuluá,74.478,4766592.0,7680000.0,9533.184
D76606,C02,126,Restrepo,Valle del Cauca,Tuluá,60.327,3800601.0,7560000.0,7601.201999999999
D76895,C02,114,Zarzal,Valle del Cauca,Tuluá,41.572,2369604.0,6840000.0,4739.2080000000005
D76736,C02,112,Sevilla,Valle del Cauca,Tuluá,54.454,3049424.0,6720000.0,6098.848
D76377,C02,94,La Cumbre,Valle del Cauca,Tuluá,88.282,4149254.0,5640000.0,8298.508
D76113,C02,91,Bugalagrande,Valle del Cauca,Tuluá,17.578,799799.0,5460000.0,1599.598
D76616,C02,89,Riofrío,Valle del Cauca,Tuluá,14.312,636884.0,5340000.0,1273.768
D76122,C02,80,Caicedonia,Valle del Cauca,Tuluá,73.398,2935920.0,4800000.0,5871.84
