id,municipio,abierto_base,Δ atendidos,Δ costo (M COP),red alternativa,estado,explicación
C01,Palmira,1,-236,-16.1921455,"Tuluá, Jamundí, Yumbo, Chinchiná",Optimal,Indispensable: cerrarlo deja sin atención a 236 personas
C02,Tuluá,1,-236,-63.906438,"Palmira, Cartago, Yumbo, Chinchiná",Optimal,Indispensable: cerrarlo deja sin atención a 236 personas
C03,Jamundí,0,-236,-63.515079,"Palmira, Jamundí, Yumbo, Chinchiná",Optimal,Abrirlo consume presupuesto: 236 personas menos
C04,Cartago,0,-236,-63.906438,"Palmira, Cartago, Yumbo, Chinchiná",Optimal,Abrirlo consume presupuesto: 236 personas menos
C05,Guadalajara de Buga,0,-236,-54.585547,"Palmira, Guadalajara de Buga, Yumbo, Chinchiná",Optimal,Abrirlo consume presupuesto: 236 personas menos
C06,Candelaria,0,-236,-59.465579,"Palmira, Candelaria, Yumbo, Chinchiná",Optimal,Abrirlo consume presupuesto: 236 personas menos
C07,Yumbo,0,-236,-63.906438,"Palmira, Cartago, Yumbo, Chinchiná",Optimal,Abrirlo consume presupuesto: 236 personas menos
C08,Florida,0,-236,-57.490868,"Palmira, Cartago, Yumbo, Florida",Optimal,Abrirlo consume presupuesto: 236 personas menos
C09,El Cerrito,0,-236,-56.643916,"Palmira, Cartago, Yumbo, El Cerrito",Optimal,Abrirlo consume presupuesto: 236 personas menos
C10,Pradera,0,-236,-57.602118,"Palmira, Cartago, Yumbo, Pradera",Optimal,Abrirlo consume presupuesto: 236 personas menos
C11,Guacarí,0,-236,-56.588098,"Palmira, Cartago, Yumbo, Guacarí",Optimal,Abrirlo consume presupuesto: 236 personas menos
C12,Ginebra,0,-236,-55.321162,"Palmira, Cartago, Yumbo, Ginebra",Optimal,Abrirlo consume presupuesto: 236 personas menos
C13,Chinchiná,0,-236,-63.906438,"Palmira, Cartago, Yumbo, Chinchiná",Optimal,Abrirlo consume presupuesto: 236 personas menos
C14,Supía,0,-236,-47.448118,"Palmira, Cartago, Yumbo, Supía",Optimal,Abrirlo consume presupuesto: 236 personas menos
C15,Aguadas,0,-236,-37.303368,"Palmira, Cartago, Yumbo, Aguadas",Optimal,Abrirlo consume presupuesto: 236 personas menos
C16,Pensilvania,0,-236,-34.264118,"Palmira, Cartago, Yumbo, Pensilvania",Optimal,Abrirlo consume presupuesto: 236 personas menos
C17,La Dorada,0,-236,-26.514118,"Palmira, Cartago, Yumbo, La Dorada",Optimal,Abrirlo consume presupuesto: 236 personas menos
