grupo,regla_presupuesto,nivel,escenario,candidatos,presupuesto,atendidos,sitios,costo_fijo,costo_total,costo_fijo_sobre_B,costo_total_sobre_B,dist_max,mun_sin_atencion
"Modelo base: 17 candidatos, R4 (costo total)",B = 50 % de ΣF de los 10 mayores de 17,base,Base,17,3547500000.0,5736,"Palmira, Tuluá",3060000000.0,3547475331.0,0.8625792811839323,0.9999930460887949,89.1,15
"Modelo base: 17 candidatos, R4 (costo total)",B = 50 % de ΣF de los 10 mayores de 17,−15 %,Presupuesto −15%,17,3015375000.0,4500,"Palmira, Yumbo, Chinchiná",2475000000.0,2809505680.0,0.8207934336525308,0.931726793516561,34.4,26
"Modelo base: 17 candidatos, R4 (costo total)",B = 50 % de ΣF de los 10 mayores de 17,−30 %,Presupuesto −30%,17,2483250000.0,4000,"Palmira, Yumbo",2130000000.0,2430467000.0,0.8577469042585322,0.9787443873955501,34.4,28
"Sin pequeños, B conservado",B base (calculado con los 17),base,Solo intermedios y grandes (B conservado),7,3547500000.0,5736,"Palmira, Tuluá",3060000000.0,3547475331.0,0.8625792811839323,0.9999930460887949,89.1,15
"Sin pequeños, B conservado",B base (calculado con los 17),−15 %,"Solo intermedios y grandes (B conservado), −15 %",7,3015375000.0,4000,"Palmira, Yumbo",2130000000.0,2430467000.0,0.7063798035070264,0.8060247896198649,34.4,28
"Sin pequeños, B conservado",B base (calculado con los 17),−30 %,"Solo intermedios y grandes (B conservado), −30 %",7,2483250000.0,4000,"Palmira, Yumbo",2130000000.0,2430467000.0,0.8577469042585322,0.9787443873955501,34.4,28
"Sin pequeños, B recalculado",B = 50 % de ΣF de los 7 elegibles,base,Solo intermedios y grandes (B recalculado),7,3030000000.0,4089,"Palmira, Jamundí, Yumbo",2730000000.0,3029937800.0,0.900990099009901,0.9999794719471947,34.4,28
"Sin pequeños, B recalculado",B = 50 % de ΣF de los 7 elegibles,−15 %,"Solo intermedios y grandes (B recalculado), −15 %",7,2575500000.0,4000,"Palmira, Yumbo",2130000000.0,2430467000.0,0.8270238788584741,0.9436874393321685,34.4,28
"Sin pequeños, B recalculado",B = 50 % de ΣF de los 7 elegibles,−30 %,"Solo intermedios y grandes (B recalculado), −30 %",7,2120999999.9999998,3000,Palmira,1530000000.0,1761600000.0,0.7213578500707214,0.8305516265912306,34.4,28
R4': tope solo sobre costos fijos,B base; kits y transporte fuera del tope,base,Presupuesto solo sobre costos fijos (R4'),17,3547500000.0,6500,"Palmira, Tuluá, Chinchiná",3405000000.0,3954216185.5,0.959830866807611,1.1146486780831573,90.769,12
R4': tope solo sobre costos fijos,B base; kits y transporte fuera del tope,−15 %,"Presupuesto solo sobre costos fijos (R4'), −15 %",17,3015375000.0,5000,"Palmira, Cartago, Yumbo",2730000000.0,3104530213.0,0.9053600298470339,1.0295668741035526,34.4,25
R4': tope solo sobre costos fijos,B base; kits y transporte fuera del tope,−30 %,"Presupuesto solo sobre costos fijos (R4'), −30 %",17,2483250000.0,4500,"Palmira, Yumbo, Chinchiná",2475000000.0,2809505680.0,0.9966777408637874,1.1313825349843956,34.4,26
