piso_beta,atendidos,pct,precio_equidad,sitios,n_sitios,costo,dist_media,dist_max,mun_sin_atencion,cobertura_min_municipal,cobertura_min_dep,alpha_max_con_beta
0.0,5736,0.3038135593220339,0,"Palmira, Tuluá",2,3547475331.0,49.970478033472794,89.1,15,0.0,0.0,0.2905084745762712
0.0250001,5687,0.30121822033898304,49,"Palmira, Tuluá",2,3547470737.5,51.43335238262704,172.0,0,0.025,0.02524822695035461,0.2897872340425532
0.050000100000000006,5639,0.2986758474576271,97,"Palmira, Tuluá",2,3547420389.5,52.87476130519595,172.0,0,0.05,0.05021276595744681,0.28903954802259885
0.0750001,5592,0.2961864406779661,144,"Palmira, Tuluá",2,3547483332.0,54.35026180257512,172.0,0,0.075,0.075177304964539,0.2880225988700565
0.10000010000000001,5531,0.2929555084745763,205,"Palmira, Tuluá",2,3547496199.5,56.27777960585789,172.0,0,0.1,0.10028368794326241,0.2869503546099292
0.1500001,5500,0.2913135593220339,236,"Palmira, Cartago, Guadalajara de Buga, Chinchiná",4,3515506425.0,40.18415454545455,121.888,0,0.15,0.150354609929078,0.2846327683615819
0.20000010000000001,5488,0.29067796610169494,248,"Palmira, Cartago, Guadalajara de Buga, Chinchiná",4,3547449116.0,52.17533381924198,144.0,0,0.2,0.2002836879432624,0.28180790960451996
0.2500001,5311,0.2813029661016949,425,"Tuluá, Cartago, Yumbo, Chinchiná",4,3547418923.5,57.90206119374883,135.102,0,0.25,0.2502127659574468,0.27574468085106385
0.2705546638130908,5124,0.2713983050847458,612,"Tuluá, Cartago, Yumbo, Chinchiná",4,3547486852.5,64.42109777517564,135.102,0,0.2705546638130908,0.27078014184397164,0.27078014184397164
