fraccion,presupuesto,abiertos,n_abiertos,entran,salen,atendidos,pct,pct_presupuesto_usado,utilizacion,dist_media,dist_max,cobertura_min_dep,delta_si_B_mas_10,delta_si_K_mas_10,delta_sin_limite_distancia,restricciones_activas
0.1,354750000.0,Chinchiná,1,Chinchiná,,144,0.007627118644067797,0.9998545454545454,0.288,14.699999999999998,14.7,0.0,356,0,0,presupuesto
0.2,709500000.0,Yumbo,1,Yumbo,Chinchiná,1000,0.05296610169491525,0.9427300916138125,1.0,17.734,17.734,0.0,0,100,0,"presupuesto, capacidad (sitios llenos)"
0.3,1064250000.0,"Chinchiná, Yumbo",2,Chinchiná,,1500,0.07944915254237288,0.9846424054498473,1.0,17.207573333333332,26.065,0.0,0,150,0,"presupuesto, capacidad (sitios llenos)"
0.4,1419000000.0,"Jamundí, Yumbo",2,Jamundí,Chinchiná,2000,0.1059322033898305,0.9433875968992248,1.0,18.667,19.6,0.0,0,200,0,"presupuesto, capacidad (sitios llenos)"
0.5,1773750000.0,Palmira,1,Palmira,"Jamundí, Yumbo",3000,0.15889830508474576,0.9931501057082452,1.0,34.4,34.4,0.0,0,157,0,"presupuesto, capacidad (sitios llenos)"
0.6,2128500000.0,"Chinchiná, Palmira",2,Chinchiná,,3342,0.17701271186440679,0.999972318534179,0.9548571428571428,31.670305206463198,34.4,0.0,158,3,0,"presupuesto, capacidad (sitios llenos)"
0.7,2483250000.0,"Palmira, Yumbo",2,Yumbo,Chinchiná,4000,0.211864406779661,0.9787443873955501,1.0,30.2335,34.4,0.0,0,400,0,"presupuesto, capacidad (sitios llenos)"
0.8,2838000000.0,"Chinchiná, Palmira, Yumbo",3,Chinchiná,,4500,0.23834745762711865,0.989959718111346,1.0,28.66919111111111,34.4,0.0,500,382,0,"presupuesto, capacidad (sitios llenos)"
0.9,3192750000.0,"Cartago, Palmira, Yumbo",3,Cartago,Chinchiná,5000,0.2648305084745763,0.972368714431133,1.0,29.812085200000002,34.4,0.0,500,500,0,"presupuesto, capacidad (sitios llenos)"
1.0,3547500000.0,"Palmira, Tuluá",2,Tuluá,"Cartago, Yumbo",5736,0.3038135593220339,0.9999930460887949,0.956,49.970478033472794,89.1,0.0,267,314,0,"presupuesto, capacidad (sitios llenos)"
1.25,4434375000.0,"Palmira, Tuluá, Yumbo",3,Yumbo,,7000,0.3707627118644068,0.9570783944749823,1.0,46.86985871428571,90.769,0.0,615,700,0,"presupuesto, capacidad (sitios llenos)"
1.5,5321250000.0,"Cartago, Chinchiná, Palmira, Tuluá, Yumbo",5,"Cartago, Chinchiná",,8500,0.4502118644067797,0.9954703121447028,1.0,42.857976117647056,90.769,0.0,500,387,0,"presupuesto, capacidad (sitios llenos)"
1.75,6208125000.0,"Cartago, Chinchiná, Jamundí, Palmira, Tuluá, Yumbo",6,Jamundí,,9500,0.503177966101695,0.9622288770764119,1.0,41.818346842105264,90.769,0.0,1000,950,0,"presupuesto, capacidad (sitios llenos)"
2.0,7095000000.0,"Candelaria, Cartago, Guadalajara de Buga, Jamundí, Palmira, Tuluá, Yumbo",7,"Candelaria, Guadalajara de Buga",Chinchiná,11000,0.5826271186440678,0.9912691670894996,1.0,56.91904372727273,144.0,0.0,976,570,0,"presupuesto, capacidad (sitios llenos)"
2.5,8868750000.0,"Aguadas, Candelaria, Cartago, Chinchiná, Guacarí, Guadalajara de Buga, Jamundí, Palmira, Supía, Tuluá, Yumbo",11,"Aguadas, Chinchiná, Guacarí, Supía",,13000,0.6885593220338984,0.9722489672163496,1.0,61.94354276923077,144.0,0.21858156028368794,1000,1300,0,"presupuesto, capacidad (sitios llenos)"
3.0,10642500000.0,"Aguadas, Candelaria, Cartago, Chinchiná, El Cerrito, Florida, Ginebra, Guacarí, Guadalajara de Buga, Jamundí, Palmira, Pensilvania, Pradera, Supía, Tuluá, Yumbo",16,"El Cerrito, Florida, Ginebra, Pensilvania, Pradera",,15035,0.7963453389830508,0.999986652995067,0.97,76.522508081144,156.142,0.4899290780141844,965,1465,0,"presupuesto, capacidad (sitios llenos)"
3.5,12416250000.0,"Aguadas, Candelaria, Cartago, Chinchiná, El Cerrito, Florida, Ginebra, Guacarí, Guadalajara de Buga, Jamundí, La Dorada, Palmira, Pensilvania, Pradera, Supía, Tuluá, Yumbo",17,La Dorada,,16000,0.847457627118644,0.8974065233866908,1.0,84.05296824999999,173.0,0.6268085106382979,0,1600,0,capacidad total
4.0,14190000000.0,"Aguadas, Candelaria, Cartago, Chinchiná, El Cerrito, Florida, Ginebra, Guacarí, Guadalajara de Buga, Jamundí, La Dorada, Palmira, Pensilvania, Pradera, Supía, Tuluá, Yumbo",17,,,16000,0.847457627118644,0.7852307079633545,1.0,84.05296824999999,173.0,0.6268085106382979,0,1600,0,capacidad total
