Municipio,Departamento,Palmira,Tuluá,Demanda d_i,Atendidos,No atendidos u_i,Cobertura
Manizales,Caldas,0,0,722,0,722,0.0
Villamaría,Caldas,0,0,138,0,138,0.0
Armenia,Quindío,0,1222,1365,1222,143,0.8952380952380953
Quimbaya,Quindío,0,0,374,0,374,0.0
Montenegro,Quindío,0,0,240,0,240,0.0
Circasia,Quindío,0,0,73,0,73,0.0
Calarcá,Quindío,0,0,68,0,68,0.0
Pereira,Risaralda,0,0,5607,0,5607,0.0
Dosquebradas,Risaralda,0,0,914,0,914,0.0
Santa Rosa de Cabal,Risaralda,0,0,436,0,436,0.0
La Virginia,Risaralda,0,0,93,0,93,0.0
Cali,Valle del Cauca,3000,0,4595,3000,1595,0.6528835690968444
Buenaventura,Valle del Cauca,0,0,2041,0,2041,0.0
Dagua,Valle del Cauca,0,0,352,0,352,0.0
Roldanillo,Valle del Cauca,0,230,230,230,0,1.0
Yotoco,Valle del Cauca,0,161,161,161,0,1.0
Trujillo,Valle del Cauca,0,155,155,155,0,1.0
Argelia,Valle del Cauca,0,0,146,0,146,0.0
La Unión,Valle del Cauca,0,134,134,134,0,1.0
Toro,Valle del Cauca,0,128,128,128,0,1.0
Restrepo,Valle del Cauca,0,126,126,126,0,1.0
Zarzal,Valle del Cauca,0,114,114,114,0,1.0
Sevilla,Valle del Cauca,0,112,112,112,0,1.0
El Cairo,Valle del Cauca,0,0,103,0,103,0.0
Ansermanuevo,Valle del Cauca,0,0,99,0,99,0.0
La Cumbre,Valle del Cauca,0,94,94,94,0,1.0
Bugalagrande,Valle del Cauca,0,91,91,91,0,1.0
Riofrío,Valle del Cauca,0,89,89,89,0,1.0
Caicedonia,Valle del Cauca,0,80,80,80,0,1.0
