modelo,etapa,solver,LpStatus,sol_status,estado,segundos
Base,etapa 1: máx. atendidos,CBC,Optimal,1,Optimal,0.76
Base,etapa 2: mín. costo,CBC,Optimal,1,Optimal,0.03
cota_fisica,etapa 1: máx. atendidos,CBC,Optimal,1,Optimal,0.02
cota_fisica,etapa 2: mín. costo,CBC,Optimal,1,Optimal,0.02
cota_sin_distancia,etapa 1: máx. atendidos,CBC,Optimal,1,Optimal,0.02
cota_sin_distancia,etapa 2: mín. costo,CBC,Optimal,1,Optimal,0.02
presupuesto_10%,etapa 1: máx. atendidos,CBC,Optimal,1,Optimal,0.4
presupuesto_10%,etapa 2: mín. costo,CBC,Optimal,1,Optimal,0.02
relaja_B,etapa 1: máx. atendidos,CBC,Optimal,1,Optimal,0.03
relaja_B,etapa 2: mín. costo,CBC,Optimal,1,Optimal,0.02
relaja_K,etapa 1: máx. atendidos,CBC,Optimal,1,Optimal,0.18
relaja_K,etapa 2: mín. costo,CBC,Optimal,1,Optimal,0.02
relaja_D,etapa 1: máx. atendidos,CBC,Optimal,1,Optimal,0.67
relaja_D,etapa 2: mín. costo,CBC,Optimal,1,Optimal,0.03
presupuesto_20%,etapa 1: máx. atendidos,CBC,Optimal,1,Optimal,0.03
presupuesto_20%,etapa 2: mín. costo,CBC,Optimal,1,Optimal,0.02
relaja_B,etapa 1: máx. atendidos,CBC,Optimal,1,Optimal,0.14
relaja_B,etapa 2: mín. costo,CBC,Optimal,1,Optimal,0.02
relaja_K,etapa 1: máx. atendidos,CBC,Optimal,1,Optimal,0.04
relaja_K,etapa 2: mín. costo,CBC,Optimal,1,Optimal,0.02
relaja_D,etapa 1: máx. atendidos,CBC,Optimal,1,Optimal,0.05
relaja_D,etapa 2: mín. costo,CBC,Optimal,1,Optimal,0.02
presupuesto_30%,etapa 1: máx. atendidos,CBC,Optimal,1,Optimal,0.03
presupuesto_30%,etapa 2: mín. costo,CBC,Optimal,1,Optimal,0.02
relaja_B,etapa 1: máx. atendidos,CBC,Optimal,1,Optimal,0.66
relaja_B,etapa 2: mín. costo,CBC,Optimal,1,Optimal,0.02
relaja_K,etapa 1: máx. atendidos,CBC,Optimal,1,Optimal,0.05
relaja_K,etapa 2: mín. costo,CBC,Optimal,1,Optimal,0.02
relaja_D,etapa 1: máx. atendidos,CBC,Optimal,1,Optimal,0.19
relaja_D,etapa 2: mín. costo,CBC,Optimal,1,Optimal,0.05
presupuesto_40%,etapa 1: máx. atendidos,CBC,Optimal,1,Optimal,0.51
presupuesto_40%,etapa 2: mín. costo,CBC,Optimal,1,Optimal,0.02
relaja_B,etapa 1: máx. atendidos,CBC,Optimal,1,Optimal,1.67
relaja_B,etapa 2: mín. costo,CBC,Optimal,1,Optimal,0.02
relaja_K,etapa 1: máx. atendidos,CBC,Optimal,1,Optimal,0.09
relaja_K,etapa 2: mín. costo,CBC,Optimal,1,Optimal,0.02
relaja_D,etapa 1: máx. atendidos,CBC,Optimal,1,Optimal,0.51
relaja_D,etapa 2: mín. costo,CBC,Optimal,1,Optimal,0.02
presupuesto_50%,etapa 1: máx. atendidos,CBC,Optimal,1,Optimal,0.04
presupuesto_50%,etapa 2: mín. costo,CBC,Optimal,1,Optimal,0.03
relaja_B,etapa 1: máx. atendidos,CBC,Optimal,1,Optimal,0.47
relaja_B,etapa 2: mín. costo,CBC,Optimal,1,Optimal,0.02
relaja_K,etapa 1: máx. atendidos,CBC,Optimal,1,Optimal,0.03
relaja_K,etapa 2: mín. costo,CBC,Optimal,1,Optimal,0.02
relaja_D,etapa 1: máx. atendidos,CBC,Optimal,1,Optimal,0.04
relaja_D,etapa 2: mín. costo,CBC,Optimal,1,Optimal,0.02
presupuesto_60%,etapa 1: máx. atendidos,CBC,Optimal,1,Optimal,0.63
presupuesto_60%,etapa 2: mín. costo,CBC,Optimal,1,Optimal,0.05
relaja_B,etapa 1: máx. atendidos,CBC,Optimal,1,Optimal,1.09
relaja_B,etapa 2: mín. costo,CBC,Optimal,1,Optimal,0.03
relaja_K,etapa 1: máx. atendidos,CBC,Optimal,1,Optimal,0.71
relaja_K,etapa 2: mín. costo,CBC,Optimal,1,Optimal,0.06
relaja_D,etapa 1: máx. atendidos,CBC,Optimal,1,Optimal,0.22
relaja_D,etapa 2: mín. costo,CBC,Optimal,1,Optimal,0.07
presupuesto_70%,etapa 1: máx. atendidos,CBC,Optimal,1,Optimal,0.05
presupuesto_70%,etapa 2: mín. costo,CBC,Optimal,1,Optimal,0.03
relaja_B,etapa 1: máx. atendidos,CBC,Optimal,1,Optimal,1.01
relaja_B,etapa 2: mín. costo,CBC,Optimal,1,Optimal,0.02
relaja_K,etapa 1: máx. atendidos,CBC,Optimal,1,Optimal,0.32
relaja_K,etapa 2: mín. costo,CBC,Optimal,1,Optimal,0.02
relaja_D,etapa 1: máx. atendidos,CBC,Optimal,1,Optimal,0.1
relaja_D,etapa 2: mín. costo,CBC,Optimal,1,Optimal,0.03
presupuesto_80%,etapa 1: máx. atendidos,CBC,Optimal,1,Optimal,0.66
presupuesto_80%,etapa 2: mín. costo,CBC,Optimal,1,Optimal,0.02
relaja_B,etapa 1: máx. atendidos,CBC,Optimal,1,Optimal,0.46
relaja_B,etapa 2: mín. costo,CBC,Optimal,1,Optimal,0.03
relaja_K,etapa 1: máx. atendidos,CBC,Optimal,1,Optimal,0.72
relaja_K,etapa 2: mín. costo,CBC,Optimal,1,Optimal,0.05
relaja_D,etapa 1: máx. atendidos,CBC,Optimal,1,Optimal,0.53
relaja_D,etapa 2: mín. costo,CBC,Optimal,1,Optimal,0.03
presupuesto_90%,etapa 1: máx. atendidos,CBC,Optimal,1,Optimal,0.8
presupuesto_90%,etapa 2: mín. costo,CBC,Optimal,1,Optimal,0.03
relaja_B,etapa 1: máx. atendidos,CBC,Optimal,1,Optimal,0.88
relaja_B,etapa 2: mín. costo,CBC,Optimal,1,Optimal,0.05
relaja_K,etapa 1: máx. atendidos,CBC,Optimal,1,Optimal,0.64
relaja_K,etapa 2: mín. costo,CBC,Optimal,1,Optimal,0.03
relaja_D,etapa 1: máx. atendidos,CBC,Optimal,1,Optimal,0.55
relaja_D,etapa 2: mín. costo,CBC,Optimal,1,Optimal,0.03
presupuesto_100%,etapa 1: máx. atendidos,CBC,Optimal,1,Optimal,0.03
presupuesto_100%,etapa 2: mín. costo,CBC,Optimal,1,Optimal,0.02
relaja_B,etapa 1: máx. atendidos,CBC,Optimal,1,Optimal,1.97
relaja_B,etapa 2: mín. costo,CBC,Optimal,1,Optimal,0.95
relaja_K,etapa 1: máx. atendidos,CBC,Optimal,1,Optimal,0.62
relaja_K,etapa 2: mín. costo,CBC,Optimal,1,Optimal,0.03
relaja_D,etapa 1: máx. atendidos,CBC,Optimal,1,Optimal,0.04
relaja_D,etapa 2: mín. costo,CBC,Optimal,1,Optimal,0.03
presupuesto_125%,etapa 1: máx. atendidos,CBC,Optimal,1,Optimal,1.12
presupuesto_125%,etapa 2: mín. costo,CBC,Optimal,1,Optimal,0.02
relaja_B,etapa 1: máx. atendidos,CBC,Optimal,1,Optimal,1.09
relaja_B,etapa 2: mín. costo,CBC,Optimal,1,Optimal,1.16
relaja_K,etapa 1: máx. atendidos,CBC,Optimal,1,Optimal,0.96
relaja_K,etapa 2: mín. costo,CBC,Optimal,1,Optimal,0.02
relaja_D,etapa 1: máx. atendidos,CBC,Optimal,1,Optimal,0.46
relaja_D,etapa 2: mín. costo,CBC,Optimal,1,Optimal,0.02
presupuesto_150%,etapa 1: máx. atendidos,CBC,Optimal,1,Optimal,0.94
presupuesto_150%,etapa 2: mín. costo,CBC,Optimal,1,Optimal,0.03
relaja_B,etapa 1: máx. atendidos,CBC,Optimal,1,Optimal,5.24
relaja_B,etapa 2: mín. costo,CBC,Optimal,1,Optimal,0.02
relaja_K,etapa 1: máx. atendidos,CBC,Optimal,1,Optimal,3.87
relaja_K,etapa 2: mín. costo,CBC,Optimal,1,Optimal,7.63
relaja_D,etapa 1: máx. atendidos,CBC,Optimal,1,Optimal,0.4
relaja_D,etapa 2: mín. costo,CBC,Optimal,1,Optimal,0.19
presupuesto_175%,etapa 1: máx. atendidos,CBC,Optimal,1,Optimal,5.4
presupuesto_175%,etapa 2: mín. costo,CBC,Optimal,1,Optimal,0.03
relaja_B,etapa 1: máx. atendidos,CBC,Optimal,1,Optimal,2.2
relaja_B,etapa 2: mín. costo,CBC,Optimal,1,Optimal,0.03
relaja_K,etapa 1: máx. atendidos,CBC,Optimal,1,Optimal,2.21
relaja_K,etapa 2: mín. costo,CBC,Optimal,1,Optimal,0.39
relaja_D,etapa 1: máx. atendidos,CBC,Optimal,1,Optimal,3.96
relaja_D,etapa 2: mín. costo,CBC,Optimal,1,Optimal,0.17
presupuesto_200%,etapa 1: máx. atendidos,CBC,Optimal,1,Optimal,0.22
presupuesto_200%,etapa 2: mín. costo,CBC,Optimal,1,Optimal,0.02
relaja_B,etapa 1: máx. atendidos,CBC,Optimal,1,Optimal,0.05
relaja_B,etapa 2: mín. costo,CBC,Optimal,1,Optimal,0.02
relaja_K,etapa 1: máx. atendidos,CBC,Optimal,1,Optimal,5.45
relaja_K,etapa 2: mín. costo,CBC,Optimal,1,Optimal,0.02
relaja_D,etapa 1: máx. atendidos,CBC,Optimal,1,Optimal,0.35
relaja_D,etapa 2: mín. costo,CBC,Optimal,1,Optimal,0.02
presupuesto_250%,etapa 1: máx. atendidos,CBC,Optimal,1,Optimal,7.97
presupuesto_250%,etapa 2: mín. costo,CBC,Optimal,1,Optimal,0.02
relaja_B,etapa 1: máx. atendidos,CBC,Optimal,1,Optimal,4.02
relaja_B,etapa 2: mín. costo,CBC,Optimal,1,Optimal,0.02
relaja_K,etapa 1: máx. atendidos,CBC,Optimal,1,Optimal,1.73
relaja_K,etapa 2: mín. costo,CBC,Optimal,1,Optimal,0.03
relaja_D,etapa 1: máx. atendidos,CBC,Optimal,1,Optimal,5.86
relaja_D,etapa 2: mín. costo,CBC,Optimal,1,Optimal,0.03
presupuesto_300%,etapa 1: máx. atendidos,CBC,Optimal,1,Optimal,32.71
presupuesto_300%,etapa 2: mín. costo,CBC,Optimal,1,Optimal,0.03
relaja_B,etapa 1: máx. atendidos,CBC,Optimal,1,Optimal,0.02
relaja_B,etapa 2: mín. costo,CBC,Optimal,1,Optimal,0.02
relaja_K,etapa 1: máx. atendidos,CBC,Optimal,1,Optimal,0.56
relaja_K,etapa 2: mín. costo,CBC,Optimal,1,Optimal,0.02
relaja_D,etapa 1: máx. atendidos,CBC,Optimal,1,Optimal,25.45
relaja_D,etapa 2: mín. costo,CBC,Optimal,1,Optimal,0.24
presupuesto_350%,etapa 1: máx. atendidos,CBC,Optimal,1,Optimal,0.02
presupuesto_350%,etapa 2: mín. costo,CBC,Optimal,1,Optimal,0.02
relaja_B,etapa 1: máx. atendidos,CBC,Optimal,1,Optimal,0.02
relaja_B,etapa 2: mín. costo,CBC,Optimal,1,Optimal,0.02
relaja_K,etapa 1: máx. atendidos,CBC,Optimal,1,Optimal,0.02
relaja_K,etapa 2: mín. costo,CBC,Optimal,1,Optimal,0.02
relaja_D,etapa 1: máx. atendidos,CBC,Optimal,1,Optimal,0.02
relaja_D,etapa 2: mín. costo,CBC,Optimal,1,Optimal,0.02
presupuesto_400%,etapa 1: máx. atendidos,CBC,Optimal,1,Optimal,0.02
presupuesto_400%,etapa 2: mín. costo,CBC,Optimal,1,Optimal,0.02
relaja_B,etapa 1: máx. atendidos,CBC,Optimal,1,Optimal,0.02
relaja_B,etapa 2: mín. costo,CBC,Optimal,1,Optimal,0.02
relaja_K,etapa 1: máx. atendidos,CBC,Optimal,1,Optimal,0.02
relaja_K,etapa 2: mín. costo,CBC,Optimal,1,Optimal,0.02
relaja_D,etapa 1: máx. atendidos,CBC,Optimal,1,Optimal,0.02
relaja_D,etapa 2: mín. costo,CBC,Optimal,1,Optimal,0.02
dmax_40,etapa 1: máx. atendidos,CBC,Optimal,1,Optimal,0.01
dmax_40,etapa 2: mín. costo,CBC,Optimal,1,Optimal,0.01
dmax_50,etapa 1: máx. atendidos,CBC,Optimal,1,Optimal,0.11
dmax_50,etapa 2: mín. costo,CBC,Optimal,1,Optimal,0.01
dmax_60,etapa 1: máx. atendidos,CBC,Optimal,1,Optimal,0.2
dmax_60,etapa 2: mín. costo,CBC,Optimal,1,Optimal,0.02
dmax_70,etapa 1: máx. atendidos,CBC,Optimal,1,Optimal,0.35
dmax_70,etapa 2: mín. costo,CBC,Optimal,1,Optimal,0.18
dmax_80,etapa 1: máx. atendidos,CBC,Optimal,1,Optimal,0.26
dmax_80,etapa 2: mín. costo,CBC,Optimal,1,Optimal,0.02
dmax_85,etapa 1: máx. atendidos,CBC,Optimal,1,Optimal,0.4
dmax_85,etapa 2: mín. costo,CBC,Optimal,1,Optimal,0.02
dmax_88,etapa 1: máx. atendidos,CBC,Optimal,1,Optimal,0.36
dmax_88,etapa 2: mín. costo,CBC,Optimal,1,Optimal,0.03
dmax_89,etapa 1: máx. atendidos,CBC,Optimal,1,Optimal,0.54
dmax_89,etapa 2: mín. costo,CBC,Optimal,1,Optimal,0.03
dmax_90,etapa 1: máx. atendidos,CBC,Optimal,1,Optimal,0.02
dmax_90,etapa 2: mín. costo,CBC,Optimal,1,Optimal,0.01
dmax_95,etapa 1: máx. atendidos,CBC,Optimal,1,Optimal,0.02
dmax_95,etapa 2: mín. costo,CBC,Optimal,1,Optimal,0.02
dmax_100,etapa 1: máx. atendidos,CBC,Optimal,1,Optimal,0.02
dmax_100,etapa 2: mín. costo,CBC,Optimal,1,Optimal,0.01
dmax_120,etapa 1: máx. atendidos,CBC,Optimal,1,Optimal,0.02
dmax_120,etapa 2: mín. costo,CBC,Optimal,1,Optimal,0.02
dmax_150,etapa 1: máx. atendidos,CBC,Optimal,1,Optimal,0.03
dmax_150,etapa 2: mín. costo,CBC,Optimal,1,Optimal,0.02
dmax_180,etapa 1: máx. atendidos,CBC,Optimal,1,Optimal,0.03
dmax_180,etapa 2: mín. costo,CBC,Optimal,1,Optimal,0.02
dmax_210,etapa 1: máx. atendidos,CBC,Optimal,1,Optimal,0.03
dmax_210,etapa 2: mín. costo,CBC,Optimal,1,Optimal,0.02
dmax_250,etapa 1: máx. atendidos,CBC,Optimal,1,Optimal,0.03
dmax_250,etapa 2: mín. costo,CBC,Optimal,1,Optimal,0.02
red_1,etapa 1: máx. atendidos,CBC,Optimal,1,Optimal,0.03
red_1,etapa 2: mín. costo,CBC,Optimal,1,Optimal,0.02
red_2,etapa 1: máx. atendidos,CBC,Optimal,1,Optimal,1.41
red_2,etapa 2: mín. costo,CBC,Optimal,1,Optimal,0.05
red_3,etapa 1: máx. atendidos,CBC,Optimal,1,Optimal,1.43
red_3,etapa 2: mín. costo,CBC,Optimal,1,Optimal,0.05
red_4,etapa 1: máx. atendidos,CBC,Optimal,1,Optimal,1.47
red_4,etapa 2: mín. costo,CBC,Optimal,1,Optimal,0.07
red_5,etapa 1: máx. atendidos,CBC,Optimal,1,Optimal,1.48
red_5,etapa 2: mín. costo,CBC,Optimal,1,Optimal,0.41
contrafactual_C01,etapa 1: máx. atendidos,CBC,Optimal,1,Optimal,0.67
contrafactual_C01,etapa 2: mín. costo,CBC,Optimal,1,Optimal,0.27
contrafactual_C02,etapa 1: máx. atendidos,CBC,Optimal,1,Optimal,1.23
contrafactual_C02,etapa 2: mín. costo,CBC,Optimal,1,Optimal,0.55
contrafactual_C03,etapa 1: máx. atendidos,CBC,Optimal,1,Optimal,0.83
contrafactual_C03,etapa 2: mín. costo,CBC,Optimal,1,Optimal,0.04
contrafactual_C04,etapa 1: máx. atendidos,CBC,Optimal,1,Optimal,0.7
contrafactual_C04,etapa 2: mín. costo,CBC,Optimal,1,Optimal,0.03
contrafactual_C05,etapa 1: máx. atendidos,CBC,Optimal,1,Optimal,0.73
contrafactual_C05,etapa 2: mín. costo,CBC,Optimal,1,Optimal,0.04
contrafactual_C06,etapa 1: máx. atendidos,CBC,Optimal,1,Optimal,1.14
contrafactual_C06,etapa 2: mín. costo,CBC,Optimal,1,Optimal,0.05
contrafactual_C07,etapa 1: máx. atendidos,CBC,Optimal,1,Optimal,0.86
contrafactual_C07,etapa 2: mín. costo,CBC,Optimal,1,Optimal,0.03
contrafactual_C08,etapa 1: máx. atendidos,CBC,Optimal,1,Optimal,0.2
contrafactual_C08,etapa 2: mín. costo,CBC,Optimal,1,Optimal,0.03
contrafactual_C09,etapa 1: máx. atendidos,CBC,Optimal,1,Optimal,0.19
contrafactual_C09,etapa 2: mín. costo,CBC,Optimal,1,Optimal,0.03
contrafactual_C10,etapa 1: máx. atendidos,CBC,Optimal,1,Optimal,0.51
contrafactual_C10,etapa 2: mín. costo,CBC,Optimal,1,Optimal,0.03
contrafactual_C11,etapa 1: máx. atendidos,CBC,Optimal,1,Optimal,0.7
contrafactual_C11,etapa 2: mín. costo,CBC,Optimal,1,Optimal,0.03
contrafactual_C12,etapa 1: máx. atendidos,CBC,Optimal,1,Optimal,0.37
contrafactual_C12,etapa 2: mín. costo,CBC,Optimal,1,Optimal,0.04
contrafactual_C13,etapa 1: máx. atendidos,CBC,Optimal,1,Optimal,0.73
contrafactual_C13,etapa 2: mín. costo,CBC,Optimal,1,Optimal,0.03
contrafactual_C14,etapa 1: máx. atendidos,CBC,Optimal,1,Optimal,0.79
contrafactual_C14,etapa 2: mín. costo,CBC,Optimal,1,Optimal,0.04
contrafactual_C15,etapa 1: máx. atendidos,CBC,Optimal,1,Optimal,0.37
contrafactual_C15,etapa 2: mín. costo,CBC,Optimal,1,Optimal,0.04
contrafactual_C16,etapa 1: máx. atendidos,CBC,Optimal,1,Optimal,0.5
contrafactual_C16,etapa 2: mín. costo,CBC,Optimal,1,Optimal,0.04
contrafactual_C17,etapa 1: máx. atendidos,CBC,Optimal,1,Optimal,0.45
contrafactual_C17,etapa 2: mín. costo,CBC,Optimal,1,Optimal,0.04
Presupuesto −15%,etapa 1: máx. atendidos,CBC,Optimal,1,Optimal,1.33
Presupuesto −15%,etapa 2: mín. costo,CBC,Optimal,1,Optimal,0.03
Presupuesto −20%,etapa 1: máx. atendidos,CBC,Optimal,1,Optimal,0.63
Presupuesto −20%,etapa 2: mín. costo,CBC,Optimal,1,Optimal,0.03
Presupuesto −25%,etapa 1: máx. atendidos,CBC,Optimal,1,Optimal,1.13
Presupuesto −25%,etapa 2: mín. costo,CBC,Optimal,1,Optimal,0.02
Presupuesto −30%,etapa 1: máx. atendidos,CBC,Optimal,1,Optimal,0.05
Presupuesto −30%,etapa 2: mín. costo,CBC,Optimal,1,Optimal,0.02
rel_B,etapa 1: máx. atendidos,CBC,Optimal,1,Optimal,1.71
rel_B,etapa 2: mín. costo,CBC,Optimal,1,Optimal,0.91
rel_K,etapa 1: máx. atendidos,CBC,Optimal,1,Optimal,0.56
rel_K,etapa 2: mín. costo,CBC,Optimal,1,Optimal,0.03
rel_D,etapa 1: máx. atendidos,CBC,Optimal,1,Optimal,0.03
rel_D,etapa 2: mín. costo,CBC,Optimal,1,Optimal,0.03
rel_B,etapa 1: máx. atendidos,CBC,Optimal,1,Optimal,2.11
rel_B,etapa 2: mín. costo,CBC,Optimal,1,Optimal,0.03
rel_K,etapa 1: máx. atendidos,CBC,Optimal,1,Optimal,1.71
rel_K,etapa 2: mín. costo,CBC,Optimal,1,Optimal,0.03
rel_D,etapa 1: máx. atendidos,CBC,Optimal,1,Optimal,1.16
rel_D,etapa 2: mín. costo,CBC,Optimal,1,Optimal,0.03
rel_B,etapa 1: máx. atendidos,CBC,Optimal,1,Optimal,1.03
rel_B,etapa 2: mín. costo,CBC,Optimal,1,Optimal,0.02
rel_K,etapa 1: máx. atendidos,CBC,Optimal,1,Optimal,0.31
rel_K,etapa 2: mín. costo,CBC,Optimal,1,Optimal,0.02
rel_D,etapa 1: máx. atendidos,CBC,Optimal,1,Optimal,0.1
rel_D,etapa 2: mín. costo,CBC,Optimal,1,Optimal,0.03
f = 2 % (cercano a lo observado),etapa 1: máx. atendidos,CBC,Optimal,1,Optimal,0.46
f = 2 % (cercano a lo observado),etapa 2: mín. costo,CBC,Optimal,1,Optimal,0.05
f = 5 %,etapa 1: máx. atendidos,CBC,Optimal,1,Optimal,1.18
f = 5 %,etapa 2: mín. costo,CBC,Optimal,1,Optimal,0.71
"f = 8,3 % (mínimo ABAG/Hazus)",etapa 1: máx. atendidos,CBC,Optimal,1,Optimal,0.03
"f = 8,3 % (mínimo ABAG/Hazus)",etapa 2: mín. costo,CBC,Optimal,1,Optimal,0.02
"f = 11,6 % (central ABAG/Hazus)",etapa 1: máx. atendidos,CBC,Optimal,1,Optimal,0.03
"f = 11,6 % (central ABAG/Hazus)",etapa 2: mín. costo,CBC,Optimal,1,Optimal,0.02
f = 13 % (extremo ABAG),etapa 1: máx. atendidos,CBC,Optimal,1,Optimal,0.03
f = 13 % (extremo ABAG),etapa 2: mín. costo,CBC,Optimal,1,Optimal,0.02
"Hogar = 3,0 personas",etapa 1: máx. atendidos,CBC,Optimal,1,Optimal,0.03
"Hogar = 3,0 personas",etapa 2: mín. costo,CBC,Optimal,1,Optimal,0.02
Distancia máx. 120 km,etapa 1: máx. atendidos,CBC,Optimal,1,Optimal,0.02
Distancia máx. 120 km,etapa 2: mín. costo,CBC,Optimal,1,Optimal,0.01
Distancia máx. 150 km,etapa 1: máx. atendidos,CBC,Optimal,1,Optimal,0.02
Distancia máx. 150 km,etapa 2: mín. costo,CBC,Optimal,1,Optimal,0.02
Distancia máx. 210 km,etapa 1: máx. atendidos,CBC,Optimal,1,Optimal,0.03
Distancia máx. 210 km,etapa 2: mín. costo,CBC,Optimal,1,Optimal,0.02
Sin economías de escala (φ = 1),etapa 1: máx. atendidos,CBC,Optimal,1,Optimal,2.7
Sin economías de escala (φ = 1),etapa 2: mín. costo,CBC,Optimal,1,Optimal,0.03
c_f = 150.000 con B fijo,etapa 1: máx. atendidos,CBC,Optimal,1,Optimal,1.23
c_f = 150.000 con B fijo,etapa 2: mín. costo,CBC,Optimal,1,Optimal,0.02
c_f = 250.000 con B fijo,etapa 1: máx. atendidos,CBC,Optimal,1,Optimal,1.35
c_f = 250.000 con B fijo,etapa 2: mín. costo,CBC,Optimal,1,Optimal,0.03
Distancias solo OSRM (sin verificación Google),etapa 1: máx. atendidos,CBC,Optimal,1,Optimal,0.03
Distancias solo OSRM (sin verificación Google),etapa 2: mín. costo,CBC,Optimal,1,Optimal,0.02
Distancias + 48 pares Google de 140–160 km,etapa 1: máx. atendidos,CBC,Optimal,1,Optimal,0.03
Distancias + 48 pares Google de 140–160 km,etapa 2: mín. costo,CBC,Optimal,1,Optimal,0.02
Con reserva La Tebaida,etapa 1: máx. atendidos,CBC,Optimal,1,Optimal,0.03
Con reserva La Tebaida,etapa 2: mín. costo,CBC,Optimal,1,Optimal,0.02
Solo intermedios y grandes (B conservado),etapa 1: máx. atendidos,CBC,Optimal,1,Optimal,0.01
Solo intermedios y grandes (B conservado),etapa 2: mín. costo,CBC,Optimal,1,Optimal,0.01
"Solo intermedios y grandes (B conservado), −15 %",etapa 1: máx. atendidos,CBC,Optimal,1,Optimal,0.24
"Solo intermedios y grandes (B conservado), −15 %",etapa 2: mín. costo,CBC,Optimal,1,Optimal,0.02
"Solo intermedios y grandes (B conservado), −30 %",etapa 1: máx. atendidos,CBC,Optimal,1,Optimal,0.23
"Solo intermedios y grandes (B conservado), −30 %",etapa 2: mín. costo,CBC,Optimal,1,Optimal,0.02
Solo intermedios y grandes (B recalculado),etapa 1: máx. atendidos,CBC,Optimal,1,Optimal,0.27
Solo intermedios y grandes (B recalculado),etapa 2: mín. costo,CBC,Optimal,1,Optimal,0.02
"Solo intermedios y grandes (B recalculado), −15 %",etapa 1: máx. atendidos,CBC,Optimal,1,Optimal,0.17
"Solo intermedios y grandes (B recalculado), −15 %",etapa 2: mín. costo,CBC,Optimal,1,Optimal,0.01
"Solo intermedios y grandes (B recalculado), −30 %",etapa 1: máx. atendidos,CBC,Optimal,1,Optimal,0.24
"Solo intermedios y grandes (B recalculado), −30 %",etapa 2: mín. costo,CBC,Optimal,1,Optimal,0.01
Presupuesto solo sobre costos fijos (R4'),etapa 1: máx. atendidos,CBC,Optimal,1,Optimal,0.04
Presupuesto solo sobre costos fijos (R4'),etapa 2: mín. costo,CBC,Optimal,1,Optimal,0.02
"Presupuesto solo sobre costos fijos (R4'), −15 %",etapa 1: máx. atendidos,CBC,Optimal,1,Optimal,0.06
"Presupuesto solo sobre costos fijos (R4'), −15 %",etapa 2: mín. costo,CBC,Optimal,1,Optimal,0.03
"Presupuesto solo sobre costos fijos (R4'), −30 %",etapa 1: máx. atendidos,CBC,Optimal,1,Optimal,0.03
"Presupuesto solo sobre costos fijos (R4'), −30 %",etapa 2: mín. costo,CBC,Optimal,1,Optimal,0.03
"Tarifa de transporte × 1,5",etapa 1: máx. atendidos,CBC,Optimal,1,Optimal,0.43
"Tarifa de transporte × 1,5",etapa 2: mín. costo,CBC,Optimal,1,Optimal,0.06
cf,etapa 1: máx. atendidos,CBC,Optimal,1,Optimal,0.02
cf,etapa 2: mín. costo,CBC,Optimal,1,Optimal,1.0
cf,etapa 1: máx. atendidos,CBC,Optimal,1,Optimal,0.02
cf,etapa 2: mín. costo,CBC,Optimal,1,Optimal,0.97
cf,etapa 1: máx. atendidos,CBC,Optimal,1,Optimal,1.02
cf,etapa 2: mín. costo,CBC,Optimal,1,Optimal,1.03
cf,etapa 1: máx. atendidos,CBC,Optimal,1,Optimal,5.6
cf,etapa 2: mín. costo,CBC,Optimal,1,Optimal,0.18
cf,etapa 1: máx. atendidos,CBC,Optimal,1,Optimal,0.58
cf,etapa 2: mín. costo,CBC,Optimal,1,Optimal,0.04
cf,etapa 1: máx. atendidos,CBC,Optimal,1,Optimal,0.98
cf,etapa 2: mín. costo,CBC,Optimal,1,Optimal,0.75
cf,etapa 1: máx. atendidos,CBC,Optimal,1,Optimal,0.6
cf,etapa 2: mín. costo,CBC,Optimal,1,Optimal,0.02
cf,etapa 1: máx. atendidos,CBC,Optimal,1,Optimal,0.08
cf,etapa 2: mín. costo,CBC,Optimal,1,Optimal,0.02
cf,etapa 1: máx. atendidos,CBC,Optimal,1,Optimal,0.62
cf,etapa 2: mín. costo,CBC,Optimal,1,Optimal,0.93
cf,etapa 1: máx. atendidos,CBC,Optimal,1,Optimal,0.02
cf,etapa 2: mín. costo,CBC,Optimal,1,Optimal,0.98
cf,etapa 1: máx. atendidos,CBC,Optimal,1,Optimal,1.62
cf,etapa 2: mín. costo,CBC,Optimal,1,Optimal,0.03
cf,etapa 1: máx. atendidos,CBC,Optimal,1,Optimal,1.85
cf,etapa 2: mín. costo,CBC,Optimal,1,Optimal,0.02
cf,etapa 1: máx. atendidos,CBC,Optimal,1,Optimal,0.75
cf,etapa 2: mín. costo,CBC,Optimal,1,Optimal,0.04
cf,etapa 1: máx. atendidos,CBC,Optimal,1,Optimal,0.61
cf,etapa 2: mín. costo,CBC,Optimal,1,Optimal,0.57
cf,etapa 1: máx. atendidos,CBC,Optimal,1,Optimal,1.0
cf,etapa 2: mín. costo,CBC,Optimal,1,Optimal,0.03
cf,etapa 1: máx. atendidos,CBC,Optimal,1,Optimal,0.71
cf,etapa 2: mín. costo,CBC,Optimal,1,Optimal,0.29
cf,etapa 1: máx. atendidos,CBC,Optimal,1,Optimal,3.6
cf,etapa 2: mín. costo,CBC,Optimal,1,Optimal,0.02
cf,etapa 1: máx. atendidos,CBC,Optimal,1,Optimal,0.02
cf,etapa 2: mín. costo,CBC,Optimal,1,Optimal,1.0
cf,etapa 1: máx. atendidos,CBC,Optimal,1,Optimal,0.89
cf,etapa 2: mín. costo,CBC,Optimal,1,Optimal,0.03
cf,etapa 1: máx. atendidos,CBC,Optimal,1,Optimal,0.04
cf,etapa 2: mín. costo,CBC,Optimal,1,Optimal,0.02
cf,etapa 1: máx. atendidos,CBC,Optimal,1,Optimal,0.58
cf,etapa 2: mín. costo,CBC,Optimal,1,Optimal,0.02
cf,etapa 1: máx. atendidos,CBC,Optimal,1,Optimal,0.52
cf,etapa 2: mín. costo,CBC,Optimal,1,Optimal,0.02
cf,etapa 1: máx. atendidos,CBC,Optimal,1,Optimal,0.64
cf,etapa 2: mín. costo,CBC,Optimal,1,Optimal,0.03
cf,etapa 1: máx. atendidos,CBC,Optimal,1,Optimal,0.56
cf,etapa 2: mín. costo,CBC,Optimal,1,Optimal,0.02
cf,etapa 1: máx. atendidos,CBC,Optimal,1,Optimal,0.26
cf,etapa 2: mín. costo,CBC,Optimal,1,Optimal,0.07
cf,etapa 1: máx. atendidos,CBC,Optimal,1,Optimal,0.02
cf,etapa 2: mín. costo,CBC,Optimal,1,Optimal,0.07
cf,etapa 1: máx. atendidos,CBC,Optimal,1,Optimal,3.25
cf,etapa 2: mín. costo,CBC,Optimal,1,Optimal,0.71
cf,etapa 1: máx. atendidos,CBC,Optimal,1,Optimal,1.47
cf,etapa 2: mín. costo,CBC,Optimal,1,Optimal,0.02
cf,etapa 1: máx. atendidos,CBC,Optimal,1,Optimal,2.82
cf,etapa 2: mín. costo,CBC,Optimal,1,Optimal,0.04
cf,etapa 1: máx. atendidos,CBC,Optimal,1,Optimal,1.1
cf,etapa 2: mín. costo,CBC,Optimal,1,Optimal,0.02
cf,etapa 1: máx. atendidos,CBC,Optimal,1,Optimal,2.43
cf,etapa 2: mín. costo,CBC,Optimal,1,Optimal,0.03
cf,etapa 1: máx. atendidos,CBC,Optimal,1,Optimal,1.41
cf,etapa 2: mín. costo,CBC,Optimal,1,Optimal,0.02
cf,etapa 1: máx. atendidos,CBC,Optimal,1,Optimal,3.7
cf,etapa 2: mín. costo,CBC,Optimal,1,Optimal,0.07
cf,etapa 1: máx. atendidos,CBC,Optimal,1,Optimal,0.02
cf,etapa 2: mín. costo,CBC,Optimal,1,Optimal,0.08
cf,etapa 1: máx. atendidos,CBC,Optimal,1,Optimal,1.18
cf,etapa 2: mín. costo,CBC,Optimal,1,Optimal,0.03
cf,etapa 1: máx. atendidos,CBC,Optimal,1,Optimal,0.95
cf,etapa 2: mín. costo,CBC,Optimal,1,Optimal,0.02
cf,etapa 1: máx. atendidos,CBC,Optimal,1,Optimal,1.18
cf,etapa 2: mín. costo,CBC,Optimal,1,Optimal,0.03
cf,etapa 1: máx. atendidos,CBC,Optimal,1,Optimal,1.54
cf,etapa 2: mín. costo,CBC,Optimal,1,Optimal,0.02
cf,etapa 1: máx. atendidos,CBC,Optimal,1,Optimal,0.87
cf,etapa 2: mín. costo,CBC,Optimal,1,Optimal,0.03
cf,etapa 1: máx. atendidos,CBC,Optimal,1,Optimal,0.67
cf,etapa 2: mín. costo,CBC,Optimal,1,Optimal,0.02
cf,etapa 1: máx. atendidos,CBC,Optimal,1,Optimal,1.33
cf,etapa 2: mín. costo,CBC,Optimal,1,Optimal,0.02
cf,etapa 1: máx. atendidos,CBC,Optimal,1,Optimal,0.33
cf,etapa 2: mín. costo,CBC,Optimal,1,Optimal,0.07
cf,etapa 1: máx. atendidos,CBC,Optimal,1,Optimal,2.03
cf,etapa 2: mín. costo,CBC,Optimal,1,Optimal,0.03
cf,etapa 1: máx. atendidos,CBC,Optimal,1,Optimal,0.81
cf,etapa 2: mín. costo,CBC,Optimal,1,Optimal,0.7
cf,etapa 1: máx. atendidos,CBC,Optimal,1,Optimal,0.86
cf,etapa 2: mín. costo,CBC,Optimal,1,Optimal,0.04
cf,etapa 1: máx. atendidos,CBC,Optimal,1,Optimal,0.31
cf,etapa 2: mín. costo,CBC,Optimal,1,Optimal,0.04
cf,etapa 1: máx. atendidos,CBC,Optimal,1,Optimal,0.66
cf,etapa 2: mín. costo,CBC,Optimal,1,Optimal,0.04
cf,etapa 1: máx. atendidos,CBC,Optimal,1,Optimal,0.41
cf,etapa 2: mín. costo,CBC,Optimal,1,Optimal,0.03
cf,etapa 1: máx. atendidos,CBC,Optimal,1,Optimal,0.47
cf,etapa 2: mín. costo,CBC,Optimal,1,Optimal,0.06
cf,etapa 1: máx. atendidos,CBC,Optimal,1,Optimal,0.48
cf,etapa 2: mín. costo,CBC,Optimal,1,Optimal,0.05
cf,etapa 1: máx. atendidos,CBC,Optimal,1,Optimal,1.36
cf,etapa 2: mín. costo,CBC,Optimal,1,Optimal,0.69
cf,etapa 1: máx. atendidos,CBC,Optimal,1,Optimal,1.23
cf,etapa 2: mín. costo,CBC,Optimal,1,Optimal,0.67
cf,etapa 1: máx. atendidos,CBC,Optimal,1,Optimal,0.03
cf,etapa 2: mín. costo,CBC,Optimal,1,Optimal,0.02
cf,etapa 1: máx. atendidos,CBC,Optimal,1,Optimal,0.03
cf,etapa 2: mín. costo,CBC,Optimal,1,Optimal,0.02
cf,etapa 1: máx. atendidos,CBC,Optimal,1,Optimal,0.03
cf,etapa 2: mín. costo,CBC,Optimal,1,Optimal,0.02
cf,etapa 1: máx. atendidos,CBC,Optimal,1,Optimal,0.03
cf,etapa 2: mín. costo,CBC,Optimal,1,Optimal,0.02
cf,etapa 1: máx. atendidos,CBC,Optimal,1,Optimal,0.52
cf,etapa 2: mín. costo,CBC,Optimal,1,Optimal,0.05
cf,etapa 1: máx. atendidos,CBC,Optimal,1,Optimal,0.5
cf,etapa 2: mín. costo,CBC,Optimal,1,Optimal,0.05
cf,etapa 1: máx. atendidos,CBC,Optimal,1,Optimal,3.15
cf,etapa 2: mín. costo,CBC,Optimal,1,Optimal,0.03
cf,etapa 1: máx. atendidos,CBC,Optimal,1,Optimal,3.0
cf,etapa 2: mín. costo,CBC,Optimal,1,Optimal,0.03
cf,etapa 1: máx. atendidos,CBC,Optimal,1,Optimal,1.32
cf,etapa 2: mín. costo,CBC,Optimal,1,Optimal,0.03
cf,etapa 1: máx. atendidos,CBC,Optimal,1,Optimal,1.3
cf,etapa 2: mín. costo,CBC,Optimal,1,Optimal,0.03
cf,etapa 1: máx. atendidos,CBC,Optimal,1,Optimal,1.72
cf,etapa 2: mín. costo,CBC,Optimal,1,Optimal,0.03
cf,etapa 1: máx. atendidos,CBC,Optimal,1,Optimal,1.28
cf,etapa 2: mín. costo,CBC,Optimal,1,Optimal,0.03
cf,etapa 1: máx. atendidos,CBC,Optimal,1,Optimal,3.38
cf,etapa 2: mín. costo,CBC,Optimal,1,Optimal,1.09
cf,etapa 1: máx. atendidos,CBC,Optimal,1,Optimal,7.17
cf,etapa 2: mín. costo,CBC,Optimal,1,Optimal,1.12
cf,etapa 1: máx. atendidos,CBC,Optimal,1,Optimal,0.05
cf,etapa 2: mín. costo,CBC,Optimal,1,Optimal,0.02
cf,etapa 1: máx. atendidos,CBC,Optimal,1,Optimal,0.05
cf,etapa 2: mín. costo,CBC,Optimal,1,Optimal,0.02
cf,etapa 1: máx. atendidos,CBC,Optimal,1,Optimal,0.05
cf,etapa 2: mín. costo,CBC,Optimal,1,Optimal,0.02
cf,etapa 1: máx. atendidos,CBC,Optimal,1,Optimal,0.05
cf,etapa 2: mín. costo,CBC,Optimal,1,Optimal,0.02
cf,etapa 1: máx. atendidos,CBC,Optimal,1,Optimal,0.11
cf,etapa 2: mín. costo,CBC,Optimal,1,Optimal,0.02
cf,etapa 1: máx. atendidos,CBC,Optimal,1,Optimal,0.12
cf,etapa 2: mín. costo,CBC,Optimal,1,Optimal,0.02
cf,etapa 1: máx. atendidos,CBC,Optimal,1,Optimal,0.14
cf,etapa 2: mín. costo,CBC,Optimal,1,Optimal,0.38
cf,etapa 1: máx. atendidos,CBC,Optimal,1,Optimal,0.89
cf,etapa 2: mín. costo,CBC,Optimal,1,Optimal,0.39
cf,etapa 1: máx. atendidos,CBC,Optimal,1,Optimal,0.04
cf,etapa 2: mín. costo,CBC,Optimal,1,Optimal,0.02
cf,etapa 1: máx. atendidos,CBC,Optimal,1,Optimal,1.89
cf,etapa 2: mín. costo,CBC,Optimal,1,Optimal,0.03
cf,etapa 1: máx. atendidos,CBC,Optimal,1,Optimal,0.06
cf,etapa 2: mín. costo,CBC,Optimal,1,Optimal,0.02
cf,etapa 1: máx. atendidos,CBC,Optimal,1,Optimal,1.44
cf,etapa 2: mín. costo,CBC,Optimal,1,Optimal,0.03
cf,etapa 1: máx. atendidos,CBC,Optimal,1,Optimal,0.08
cf,etapa 2: mín. costo,CBC,Optimal,1,Optimal,0.02
cf,etapa 1: máx. atendidos,CBC,Optimal,1,Optimal,1.07
cf,etapa 2: mín. costo,CBC,Optimal,1,Optimal,0.03
cf,etapa 1: máx. atendidos,CBC,Optimal,1,Optimal,0.22
cf,etapa 2: mín. costo,CBC,Optimal,1,Optimal,0.4
cf,etapa 1: máx. atendidos,CBC,Optimal,1,Optimal,4.05
cf,etapa 2: mín. costo,CBC,Optimal,1,Optimal,1.05
cf,etapa 1: máx. atendidos,CBC,Optimal,1,Optimal,2.44
cf,etapa 2: mín. costo,CBC,Optimal,1,Optimal,0.03
cf,etapa 1: máx. atendidos,CBC,Optimal,1,Optimal,1.0
cf,etapa 2: mín. costo,CBC,Optimal,1,Optimal,0.03
cf,etapa 1: máx. atendidos,CBC,Optimal,1,Optimal,1.21
cf,etapa 2: mín. costo,CBC,Optimal,1,Optimal,1.35
cf,etapa 1: máx. atendidos,CBC,Optimal,1,Optimal,0.05
cf,etapa 2: mín. costo,CBC,Optimal,1,Optimal,0.02
cf,etapa 1: máx. atendidos,CBC,Optimal,1,Optimal,0.46
cf,etapa 2: mín. costo,CBC,Optimal,1,Optimal,0.52
cf,etapa 1: máx. atendidos,CBC,Optimal,1,Optimal,0.05
cf,etapa 2: mín. costo,CBC,Optimal,1,Optimal,0.03
cf,etapa 1: máx. atendidos,CBC,Optimal,1,Optimal,2.51
cf,etapa 2: mín. costo,CBC,Optimal,1,Optimal,0.41
cf,etapa 1: máx. atendidos,CBC,Optimal,1,Optimal,0.17
cf,etapa 2: mín. costo,CBC,Optimal,1,Optimal,0.02
cf,etapa 1: máx. atendidos,CBC,Optimal,1,Optimal,1.46
cf,etapa 2: mín. costo,CBC,Optimal,1,Optimal,0.03
cf,etapa 1: máx. atendidos,CBC,Optimal,1,Optimal,1.06
cf,etapa 2: mín. costo,CBC,Optimal,1,Optimal,0.02
cf,etapa 1: máx. atendidos,CBC,Optimal,1,Optimal,0.72
cf,etapa 2: mín. costo,CBC,Optimal,1,Optimal,0.02
cf,etapa 1: máx. atendidos,CBC,Optimal,1,Optimal,0.72
cf,etapa 2: mín. costo,CBC,Optimal,1,Optimal,0.02
cf,etapa 1: máx. atendidos,CBC,Optimal,1,Optimal,0.84
cf,etapa 2: mín. costo,CBC,Optimal,1,Optimal,0.02
cf,etapa 1: máx. atendidos,CBC,Optimal,1,Optimal,0.54
cf,etapa 2: mín. costo,CBC,Optimal,1,Optimal,0.02
cf,etapa 1: máx. atendidos,CBC,Optimal,1,Optimal,0.52
cf,etapa 2: mín. costo,CBC,Optimal,1,Optimal,0.31
cf,etapa 1: máx. atendidos,CBC,Optimal,1,Optimal,1.85
cf,etapa 2: mín. costo,CBC,Optimal,1,Optimal,0.17
cf,etapa 1: máx. atendidos,CBC,Optimal,1,Optimal,0.06
cf,etapa 2: mín. costo,CBC,Optimal,1,Optimal,0.02
cf,etapa 1: máx. atendidos,CBC,Optimal,1,Optimal,0.09
cf,etapa 2: mín. costo,CBC,Optimal,1,Optimal,0.02
cf,etapa 1: máx. atendidos,CBC,Optimal,1,Optimal,0.05
cf,etapa 2: mín. costo,CBC,Optimal,1,Optimal,0.02
cf,etapa 1: máx. atendidos,CBC,Optimal,1,Optimal,0.06
cf,etapa 2: mín. costo,CBC,Optimal,1,Optimal,0.02
cf,etapa 1: máx. atendidos,CBC,Optimal,1,Optimal,0.04
cf,etapa 2: mín. costo,CBC,Optimal,1,Optimal,0.02
cf,etapa 1: máx. atendidos,CBC,Optimal,1,Optimal,0.07
cf,etapa 2: mín. costo,CBC,Optimal,1,Optimal,0.02
cf,etapa 1: máx. atendidos,CBC,Optimal,1,Optimal,0.53
cf,etapa 2: mín. costo,CBC,Optimal,1,Optimal,0.3
cf,etapa 1: máx. atendidos,CBC,Optimal,1,Optimal,0.44
cf,etapa 2: mín. costo,CBC,Optimal,1,Optimal,0.02
cf,etapa 1: máx. atendidos,CBC,Optimal,1,Optimal,0.85
cf,etapa 2: mín. costo,CBC,Optimal,1,Optimal,0.17
cf,etapa 1: máx. atendidos,CBC,Optimal,1,Optimal,0.99
cf,etapa 2: mín. costo,CBC,Optimal,1,Optimal,0.02
cf,etapa 1: máx. atendidos,CBC,Optimal,1,Optimal,0.1
cf,etapa 2: mín. costo,CBC,Optimal,1,Optimal,0.03
cf,etapa 1: máx. atendidos,CBC,Optimal,1,Optimal,0.97
cf,etapa 2: mín. costo,CBC,Optimal,1,Optimal,0.02
cf,etapa 1: máx. atendidos,CBC,Optimal,1,Optimal,0.11
cf,etapa 2: mín. costo,CBC,Optimal,1,Optimal,0.03
cf,etapa 1: máx. atendidos,CBC,Optimal,1,Optimal,0.8
cf,etapa 2: mín. costo,CBC,Optimal,1,Optimal,0.02
cf,etapa 1: máx. atendidos,CBC,Optimal,1,Optimal,1.83
cf,etapa 2: mín. costo,CBC,Optimal,1,Optimal,0.28
cf,etapa 1: máx. atendidos,CBC,Optimal,1,Optimal,2.14
cf,etapa 2: mín. costo,CBC,Optimal,1,Optimal,0.07
cf,etapa 1: máx. atendidos,CBC,Optimal,1,Optimal,1.42
cf,etapa 2: mín. costo,CBC,Optimal,1,Optimal,0.03
cf,etapa 1: máx. atendidos,CBC,Optimal,1,Optimal,0.54
cf,etapa 2: mín. costo,CBC,Optimal,1,Optimal,0.16
cf,etapa 1: máx. atendidos,CBC,Optimal,1,Optimal,1.02
cf,etapa 2: mín. costo,CBC,Optimal,1,Optimal,0.03
cf,etapa 1: máx. atendidos,CBC,Optimal,1,Optimal,0.74
cf,etapa 2: mín. costo,CBC,Optimal,1,Optimal,0.06
cf,etapa 1: máx. atendidos,CBC,Optimal,1,Optimal,0.9
cf,etapa 2: mín. costo,CBC,Optimal,1,Optimal,0.03
cf,etapa 1: máx. atendidos,CBC,Optimal,1,Optimal,0.75
cf,etapa 2: mín. costo,CBC,Optimal,1,Optimal,0.1
cf,etapa 1: máx. atendidos,CBC,Optimal,1,Optimal,0.03
cf,etapa 2: mín. costo,CBC,Optimal,1,Optimal,0.38
cf,etapa 1: máx. atendidos,CBC,Optimal,1,Optimal,0.19
cf,etapa 2: mín. costo,CBC,Optimal,1,Optimal,0.02
cf,etapa 1: máx. atendidos,CBC,Optimal,1,Optimal,0.73
cf,etapa 2: mín. costo,CBC,Optimal,1,Optimal,0.02
cf,etapa 1: máx. atendidos,CBC,Optimal,1,Optimal,0.12
cf,etapa 2: mín. costo,CBC,Optimal,1,Optimal,0.02
cf,etapa 1: máx. atendidos,CBC,Optimal,1,Optimal,0.15
cf,etapa 2: mín. costo,CBC,Optimal,1,Optimal,0.02
cf,etapa 1: máx. atendidos,CBC,Optimal,1,Optimal,0.07
cf,etapa 2: mín. costo,CBC,Optimal,1,Optimal,0.02
cf,etapa 1: máx. atendidos,CBC,Optimal,1,Optimal,0.08
cf,etapa 2: mín. costo,CBC,Optimal,1,Optimal,0.02
cf,etapa 1: máx. atendidos,CBC,Optimal,1,Optimal,0.08
cf,etapa 2: mín. costo,CBC,Optimal,1,Optimal,0.02
cf,etapa 1: máx. atendidos,CBC,Optimal,1,Optimal,0.03
cf,etapa 2: mín. costo,CBC,Optimal,1,Optimal,0.35
cf,etapa 1: máx. atendidos,CBC,Optimal,1,Optimal,1.73
cf,etapa 2: mín. costo,CBC,Optimal,1,Optimal,0.02
cf,etapa 1: máx. atendidos,CBC,Optimal,1,Optimal,1.23
cf,etapa 2: mín. costo,CBC,Optimal,1,Optimal,0.06
cf,etapa 1: máx. atendidos,CBC,Optimal,1,Optimal,1.18
cf,etapa 2: mín. costo,CBC,Optimal,1,Optimal,0.02
cf,etapa 1: máx. atendidos,CBC,Optimal,1,Optimal,0.86
cf,etapa 2: mín. costo,CBC,Optimal,1,Optimal,0.03
cf,etapa 1: máx. atendidos,CBC,Optimal,1,Optimal,1.21
cf,etapa 2: mín. costo,CBC,Optimal,1,Optimal,0.02
cf,etapa 1: máx. atendidos,CBC,Optimal,1,Optimal,0.74
cf,etapa 2: mín. costo,CBC,Optimal,1,Optimal,0.03
cf,etapa 1: máx. atendidos,CBC,Optimal,1,Optimal,1.14
cf,etapa 2: mín. costo,CBC,Optimal,1,Optimal,0.02
cf,etapa 1: máx. atendidos,CBC,Optimal,1,Optimal,0.29
cf,etapa 2: mín. costo,CBC,Optimal,1,Optimal,0.35
cf,etapa 1: máx. atendidos,CBC,Optimal,1,Optimal,1.32
cf,etapa 2: mín. costo,CBC,Optimal,1,Optimal,0.08
cf,etapa 1: máx. atendidos,CBC,Optimal,1,Optimal,1.24
cf,etapa 2: mín. costo,CBC,Optimal,1,Optimal,0.02
cf,etapa 1: máx. atendidos,CBC,Optimal,1,Optimal,0.78
cf,etapa 2: mín. costo,CBC,Optimal,1,Optimal,0.02
cf,etapa 1: máx. atendidos,CBC,Optimal,1,Optimal,1.06
cf,etapa 2: mín. costo,CBC,Optimal,1,Optimal,0.02
cf,etapa 1: máx. atendidos,CBC,Optimal,1,Optimal,0.74
cf,etapa 2: mín. costo,CBC,Optimal,1,Optimal,0.02
cf,etapa 1: máx. atendidos,CBC,Optimal,1,Optimal,1.01
cf,etapa 2: mín. costo,CBC,Optimal,1,Optimal,0.02
cf,etapa 1: máx. atendidos,CBC,Optimal,1,Optimal,0.72
cf,etapa 2: mín. costo,CBC,Optimal,1,Optimal,0.02
alpha_max,máx. α,HiGHS,Optimal,1,Optimal,5.36
factibilidad_alpha_max,factibilidad de pisos,HiGHS,Optimal,1,Optimal,1.48
prueba_infactible_alpha_siguiente_decima,factibilidad de pisos,HiGHS,Infeasible,-1,Infeasible,1.47
equidad_0.0000,etapa 1: máx. atendidos,HiGHS,Optimal,1,Optimal,1.17
equidad_0.0000,etapa 2: mín. costo,HiGHS,Optimal,1,Optimal,0.25
equidad_0.0500,etapa 1: máx. atendidos,HiGHS,Optimal,1,Optimal,0.48
equidad_0.0500,etapa 2: mín. costo,HiGHS,Optimal,1,Optimal,0.39
equidad_0.1000,etapa 1: máx. atendidos,HiGHS,Optimal,1,Optimal,0.46
equidad_0.1000,etapa 2: mín. costo,HiGHS,Optimal,1,Optimal,1.77
equidad_0.1500,etapa 1: máx. atendidos,HiGHS,Optimal,1,Optimal,0.85
equidad_0.1500,etapa 2: mín. costo,HiGHS,Optimal,1,Optimal,2.08
equidad_0.2000,etapa 1: máx. atendidos,HiGHS,Optimal,1,Optimal,0.66
equidad_0.2000,etapa 2: mín. costo,HiGHS,Optimal,1,Optimal,3.04
equidad_0.2500,etapa 1: máx. atendidos,HiGHS,Optimal,1,Optimal,1.05
equidad_0.2500,etapa 2: mín. costo,HiGHS,Optimal,1,Optimal,1.93
equidad_0.2905,etapa 1: máx. atendidos,HiGHS,Optimal,1,Optimal,1.41
equidad_0.2905,etapa 2: mín. costo,HiGHS,Optimal,1,Optimal,2.16
beta_max,máx. β,HiGHS,Optimal,1,Optimal,8.17
beta_0.0000,etapa 1: máx. atendidos,CBC,Optimal,1,Optimal,0.04
beta_0.0000,etapa 2: mín. costo,CBC,Optimal,1,Optimal,0.03
alpha_max,máx. α,HiGHS,Optimal,1,Optimal,5.02
beta_0.0250,etapa 1: máx. atendidos,HiGHS,Optimal,1,Optimal,0.32
beta_0.0250,etapa 2: mín. costo,HiGHS,Optimal,1,Optimal,0.37
alpha_max,máx. α,HiGHS,Optimal,1,Optimal,2.34
beta_0.0500,etapa 1: máx. atendidos,HiGHS,Optimal,1,Optimal,0.46
beta_0.0500,etapa 2: mín. costo,HiGHS,Optimal,1,Optimal,1.28
alpha_max,máx. α,HiGHS,Optimal,1,Optimal,10.3
beta_0.0750,etapa 1: máx. atendidos,HiGHS,Optimal,1,Optimal,0.82
beta_0.0750,etapa 2: mín. costo,HiGHS,Optimal,1,Optimal,1.64
alpha_max,máx. α,HiGHS,Optimal,1,Optimal,3.25
beta_0.1000,etapa 1: máx. atendidos,HiGHS,Optimal,1,Optimal,1.8
beta_0.1000,etapa 2: mín. costo,HiGHS,Optimal,1,Optimal,3.48
alpha_max,máx. α,HiGHS,Optimal,1,Optimal,11.92
beta_0.1500,etapa 1: máx. atendidos,HiGHS,Optimal,1,Optimal,1.23
beta_0.1500,etapa 2: mín. costo,HiGHS,Optimal,1,Optimal,2.58
alpha_max,máx. α,HiGHS,Optimal,1,Optimal,7.31
beta_0.2000,etapa 1: máx. atendidos,HiGHS,Optimal,1,Optimal,3.37
beta_0.2000,etapa 2: mín. costo,HiGHS,Optimal,1,Optimal,6.17
alpha_max,máx. α,HiGHS,Optimal,1,Optimal,4.83
beta_0.2500,etapa 1: máx. atendidos,HiGHS,Optimal,1,Optimal,6.88
beta_0.2500,etapa 2: mín. costo,HiGHS,Optimal,1,Optimal,2.23
alpha_max,máx. α,HiGHS,Optimal,1,Optimal,4.79
beta_0.2706,etapa 1: máx. atendidos,HiGHS,Optimal,1,Optimal,3.96
beta_0.2706,etapa 2: mín. costo,HiGHS,Optimal,1,Optimal,5.48
alpha_max,máx. α,HiGHS,Optimal,1,Optimal,5.41
alpha_max,máx. α,HiGHS,Optimal,1,Optimal,4.88
eq_Base,etapa 1: máx. atendidos,HiGHS,Optimal,1,Optimal,1.45
eq_Base,etapa 2: mín. costo,HiGHS,Optimal,1,Optimal,2.12
beta_max,máx. β,HiGHS,Optimal,1,Optimal,8.25
alpha_max,máx. α,HiGHS,Optimal,1,Optimal,7.83
eq_Presupuesto −15%,etapa 1: máx. atendidos,HiGHS,Optimal,1,Optimal,6.58
eq_Presupuesto −15%,etapa 2: mín. costo,HiGHS,Optimal,1,Optimal,4.93
beta_max,máx. β,HiGHS,Optimal,1,Optimal,12.45
alpha_max,máx. α,HiGHS,Optimal,1,Optimal,2.8
eq_Presupuesto −30%,etapa 1: máx. atendidos,HiGHS,Optimal,1,Optimal,3.83
eq_Presupuesto −30%,etapa 2: mín. costo,HiGHS,Optimal,1,Optimal,3.67
beta_max,máx. β,HiGHS,Optimal,1,Optimal,23.4
