indicador,Base,Presupuesto −15%,Presupuesto −30%,"Extensión α=29,05 %"
Población que requiere campamento,18880,18880,18880,18880
Población atendida,5736,4500,4000,5486
Población no atendida,13144,14380,14880,13394
% atendida,0.3038135593220339,0.23834745762711865,0.211864406779661,0.2905720338983051
Campamentos abiertos,2,3,2,4
Sitios abiertos,"Palmira, Tuluá","Palmira, Yumbo, Chinchiná","Palmira, Yumbo","Tuluá, Cartago, Yumbo, Chinchiná"
Capacidad instalada,6000,4500,4000,5500
Capacidad utilizada,5736,4500,4000,5486
% utilización de la capacidad instalada,0.956,1.0,1.0,0.9974545454545455
Capacidad ociosa,264,0,0,14
Costo fijo,3060000000.0,2475000000.0,2130000000.0,3075000000.0
Costo transporte,143315331.0,64505680.0,60467000.0,143314598.5
Costo kits alimentación,170531280,133785000,118920000,163098780
Costo kits aseo,170531280,133785000,118920000,163098780
Costo ajuste por redondeo de kits,3097440.0,2430000.0,2160000.0,2962440.0
Costo atención (kits),344160000.0,270000000.0,240000000.0,329160000.0
Costo total,3547475331.0,2809505680.0,2430467000.0,3547474598.5
Presupuesto,3547500000.0,3015375000.0,2483250000.0,3547500000.0
Holgura presupuestal,24669.0,205869320.0,52783000.0,25401.5
% presupuesto usado,0.9999930460887949,0.931726793516561,0.9787443873955501,0.9999928396053559
Costo por persona atendida,618458.0423640168,624334.5955555555,607616.75,646641.3777798031
Distancia promedio ponderada (km),49.970478033472794,28.66919111111111,30.2335,52.24739281808239
Distancia máxima recorrida (km),89.1,34.4,34.4,117.0
Persona-km,286630.66199999995,129011.36,120934.0,286629.197
% de atendidos a ≤50 km,0.6694560669456067,1.0,1.0,0.6088224571636894
% de atendidos a ≤100 km,1.0,1.0,1.0,0.8543565439300036
% de atendidos a ≤150 km,1.0,1.0,1.0,1.0
% de atendidos a ≤180 km,1.0,1.0,1.0,1.0
% de la demanda total atendida a ≤50 km,0.2033898305084746,0.23834745762711865,0.211864406779661,0.17690677966101695
% de la demanda total atendida a ≤100 km,0.3038135593220339,0.23834745762711865,0.211864406779661,0.2482521186440678
% de la demanda total atendida a ≤150 km,0.3038135593220339,0.23834745762711865,0.211864406779661,0.2905720338983051
% de la demanda total atendida a ≤180 km,0.3038135593220339,0.23834745762711865,0.211864406779661,0.2905720338983051
Municipios con cobertura 0 %,15,26,28,10
Municipios con cobertura 100 %,12,1,0,13
Cobertura Caldas,0.0,0.0,0.0,0.29069767441860467
Cobertura Quindío,0.5764150943396227,0.0,0.0,0.29056603773584905
Cobertura Risaralda,0.0,0.07092198581560284,0.0,0.2906382978723404
Cobertura Valle del Cauca,0.5100564971751412,0.4519774011299435,0.4519774011299435,0.2905084745762712
Cobertura mínima departamental,0.0,0.0,0.0,0.2905084745762712
