regla_presupuesto,c_f,escenario,f,presupuesto_MM,demanda,atendidos_modelo,pct_modelo,sitios_g_i_p,sitios,dist_media_km,techo_preliminar,sitios_preliminar,diferencia_vs_preliminar
B escala con c_f,100000,base,2%,1773.8,3777,3777,100.0,"(1, 1, 0)","Tuluá, Cartago",85.8,3777.0,"(0, 0, 8)",0.0
B fijo,100000,base,2%,3547.5,3777,3777,100.0,"(1, 1, 0)","Tuluá, Cartago",85.8,,,
B escala con c_f,100000,base,5%,1773.8,9438,4806,50.9,"(1, 2, 0)","Palmira, Cartago, Guadalajara de Buga",50.1,4541.0,"(1, 2, 0)",265.0
B fijo,100000,base,5%,3547.5,9438,9434,100.0,"(2, 3, 1)","Palmira, Tuluá, Cartago, Guadalajara de Buga, Yumbo, Chinchiná",80.3,,,
B escala con c_f,100000,base,10%,1773.8,18880,5000,26.5,"(1, 2, 0)","Palmira, Cartago, Yumbo",29.8,4541.0,"(1, 2, 0)",459.0
B fijo,100000,base,10%,3547.5,18880,9767,51.7,"(2, 4, 0)","Palmira, Tuluá, Jamundí, Cartago, Guadalajara de Buga, Yumbo",47.4,,,
B escala con c_f,100000,base,13%,1773.8,24546,5000,20.4,"(1, 2, 0)","Palmira, Jamundí, Yumbo",28.1,4541.0,"(1, 2, 0)",459.0
B fijo,100000,base,13%,3547.5,24546,10000,40.7,"(2, 4, 0)","Palmira, Tuluá, Jamundí, Cartago, Candelaria, Yumbo",38.5,,,
B escala con c_f,100000,-15%,2%,1507.7,3777,3777,100.0,"(1, 1, 0)","Tuluá, Cartago",85.8,3777.0,"(1, 0, 2)",0.0
B fijo,100000,-15%,2%,3015.4,3777,3777,100.0,"(1, 1, 0)","Tuluá, Cartago",85.8,,,
B escala con c_f,100000,-15%,5%,1507.7,9438,4000,42.4,"(1, 1, 0)","Palmira, Cartago",42.1,4000.0,"(1, 0, 2)",0.0
B fijo,100000,-15%,5%,3015.4,9438,8000,84.8,"(2, 2, 0)","Palmira, Tuluá, Cartago, Guadalajara de Buga",73.5,,,
B escala con c_f,100000,-15%,10%,1507.7,18880,4000,21.2,"(1, 1, 0)","Palmira, Yumbo",30.2,4000.0,"(1, 0, 2)",0.0
B fijo,100000,-15%,10%,3015.4,18880,8500,45.0,"(2, 2, 1)","Palmira, Tuluá, Cartago, Yumbo, Chinchiná",42.9,,,
B escala con c_f,100000,-15%,13%,1507.7,24546,4000,16.3,"(1, 1, 0)","Palmira, Yumbo",30.2,4000.0,"(1, 0, 2)",0.0
B fijo,100000,-15%,13%,3015.4,24546,8500,34.6,"(2, 2, 1)","Palmira, Tuluá, Jamundí, Yumbo, Chinchiná",39.6,,,
B escala con c_f,100000,-30%,2%,1241.6,3777,3000,79.4,"(1, 0, 0)",Tuluá,100.2,3379.0,"(1, 0, 1)",-379.0
B fijo,100000,-30%,2%,2483.2,3777,3777,100.0,"(1, 1, 0)","Tuluá, Cartago",85.8,,,
B escala con c_f,100000,-30%,5%,1241.6,9438,3500,37.1,"(1, 0, 1)","Palmira, Chinchiná",42.7,3379.0,"(1, 0, 1)",121.0
B fijo,100000,-30%,5%,2483.2,9438,6989,74.1,"(2, 1, 0)","Palmira, Tuluá, Cartago",66.9,,,
B escala con c_f,100000,-30%,10%,1241.6,18880,3500,18.5,"(1, 0, 1)","Palmira, Chinchiná",31.8,3379.0,"(1, 0, 1)",121.0
B fijo,100000,-30%,10%,2483.2,18880,7000,37.1,"(2, 1, 0)","Palmira, Tuluá, Yumbo",46.9,,,
B escala con c_f,100000,-30%,13%,1241.6,24546,3500,14.3,"(1, 0, 1)","Palmira, Chinchiná",31.6,3379.0,"(1, 0, 1)",121.0
B fijo,100000,-30%,13%,2483.2,24546,7000,28.5,"(2, 1, 0)","Palmira, Tuluá, Yumbo",44.3,,,
B escala con c_f,150000,base,2%,2660.6,3777,3777,100.0,"(1, 1, 0)","Tuluá, Cartago",85.8,3777.0,"(0, 0, 8)",0.0
B fijo,150000,base,2%,3547.5,3777,3777,100.0,"(1, 1, 0)","Tuluá, Cartago",85.8,,,
B escala con c_f,150000,base,5%,2660.6,9438,5000,53.0,"(1, 2, 0)","Palmira, Cartago, Guadalajara de Buga",53.7,5000.0,"(1, 0, 4)",0.0
B fijo,150000,base,5%,3547.5,9438,7000,74.2,"(2, 1, 0)","Palmira, Tuluá, Cartago",67.0,,,
B escala con c_f,150000,base,10%,2660.6,18880,5000,26.5,"(1, 2, 0)","Palmira, Cartago, Yumbo",29.8,5000.0,"(1, 0, 4)",0.0
B fijo,150000,base,10%,3547.5,18880,7000,37.1,"(2, 1, 0)","Palmira, Tuluá, Yumbo",46.9,,,
B escala con c_f,150000,base,13%,2660.6,24546,5000,20.4,"(1, 2, 0)","Palmira, Jamundí, Yumbo",28.1,5000.0,"(1, 0, 4)",0.0
B fijo,150000,base,13%,3547.5,24546,7000,28.5,"(2, 1, 0)","Palmira, Tuluá, Yumbo",44.3,,,
B escala con c_f,150000,-15%,2%,2261.5,3777,3777,100.0,"(1, 1, 0)","Tuluá, Cartago",85.8,3777.0,"(0, 3, 2)",0.0
B fijo,150000,-15%,2%,3015.4,3777,3777,100.0,"(1, 1, 0)","Tuluá, Cartago",85.8,,,
B escala con c_f,150000,-15%,5%,2261.5,9438,4500,47.7,"(1, 1, 1)","Palmira, Cartago, Chinchiná",39.7,4500.0,"(1, 1, 1)",0.0
B fijo,150000,-15%,5%,3015.4,9438,6000,63.6,"(2, 0, 0)","Palmira, Tuluá",73.2,,,
B escala con c_f,150000,-15%,10%,2261.5,18880,4500,23.8,"(1, 1, 1)","Palmira, Yumbo, Chinchiná",28.7,4500.0,"(1, 1, 1)",0.0
B fijo,150000,-15%,10%,3015.4,18880,6000,31.8,"(2, 0, 0)","Palmira, Tuluá",51.7,,,
B escala con c_f,150000,-15%,13%,2261.5,24546,4500,18.3,"(1, 1, 1)","Palmira, Yumbo, Chinchiná",28.5,4500.0,"(1, 1, 1)",0.0
B fijo,150000,-15%,13%,3015.4,24546,6000,24.4,"(2, 0, 0)","Palmira, Tuluá",48.7,,,
B escala con c_f,150000,-30%,2%,1862.4,3777,3500,92.7,"(1, 0, 1)","Tuluá, Chinchiná",90.3,3500.0,"(1, 0, 1)",0.0
B fijo,150000,-30%,2%,2483.2,3777,3777,100.0,"(1, 1, 0)","Tuluá, Cartago",85.8,,,
B escala con c_f,150000,-30%,5%,1862.4,9438,3500,37.1,"(1, 0, 1)","Palmira, Chinchiná",42.7,3500.0,"(1, 0, 1)",0.0
B fijo,150000,-30%,5%,2483.2,9438,5000,53.0,"(1, 2, 0)","Palmira, Cartago, Guadalajara de Buga",53.7,,,
B escala con c_f,150000,-30%,10%,1862.4,18880,3539,18.7,"(1, 1, 0)","Palmira, Yumbo",29.7,3500.0,"(1, 0, 1)",39.0
B fijo,150000,-30%,10%,2483.2,18880,5000,26.5,"(1, 2, 0)","Palmira, Cartago, Yumbo",29.8,,,
B escala con c_f,150000,-30%,13%,1862.4,24546,3539,14.4,"(1, 1, 0)","Palmira, Yumbo",29.7,3500.0,"(1, 0, 1)",39.0
B fijo,150000,-30%,13%,2483.2,24546,5000,20.4,"(1, 2, 0)","Palmira, Jamundí, Yumbo",28.1,,,
B escala con c_f,200000,base,2%,3547.5,3777,3777,100.0,"(1, 1, 0)","Tuluá, Cartago",85.8,3777.0,"(0, 0, 8)",0.0
B fijo,200000,base,2%,3547.5,3777,3777,100.0,"(1, 1, 0)","Tuluá, Cartago",85.8,,,
B escala con c_f,200000,base,5%,3547.5,9438,5500,58.3,"(1, 2, 1)","Palmira, Cartago, Guadalajara de Buga, Chinchiná",50.8,5416.0,"(2, 0, 0)",84.0
B fijo,200000,base,5%,3547.5,9438,5500,58.3,"(1, 2, 1)","Palmira, Cartago, Guadalajara de Buga, Chinchiná",50.8,,,
B escala con c_f,200000,base,10%,3547.5,18880,5736,30.4,"(2, 0, 0)","Palmira, Tuluá",50.0,5416.0,"(2, 0, 0)",320.0
B fijo,200000,base,10%,3547.5,18880,5736,30.4,"(2, 0, 0)","Palmira, Tuluá",50.0,,,
B escala con c_f,200000,base,13%,3547.5,24546,5822,23.7,"(2, 0, 0)","Palmira, Tuluá",47.4,5416.0,"(2, 0, 0)",406.0
B fijo,200000,base,13%,3547.5,24546,5822,23.7,"(2, 0, 0)","Palmira, Tuluá",47.4,,,
B escala con c_f,200000,-15%,2%,3015.4,3777,3777,100.0,"(1, 1, 0)","Tuluá, Cartago",85.8,3777.0,"(0, 1, 6)",0.0
B fijo,200000,-15%,2%,3015.4,3777,3777,100.0,"(1, 1, 0)","Tuluá, Cartago",85.8,,,
B escala con c_f,200000,-15%,5%,3015.4,9438,4500,47.7,"(1, 1, 1)","Palmira, Cartago, Chinchiná",39.7,4500.0,"(1, 0, 3)",0.0
B fijo,200000,-15%,5%,3015.4,9438,4500,47.7,"(1, 1, 1)","Palmira, Cartago, Chinchiná",39.7,,,
B escala con c_f,200000,-15%,10%,3015.4,18880,4500,23.8,"(1, 1, 1)","Palmira, Yumbo, Chinchiná",28.7,4500.0,"(1, 0, 3)",0.0
B fijo,200000,-15%,10%,3015.4,18880,4500,23.8,"(1, 1, 1)","Palmira, Yumbo, Chinchiná",28.7,,,
B escala con c_f,200000,-15%,13%,3015.4,24546,4500,18.3,"(1, 1, 1)","Palmira, Yumbo, Chinchiná",28.5,4500.0,"(1, 0, 3)",0.0
B fijo,200000,-15%,13%,3015.4,24546,4500,18.3,"(1, 1, 1)","Palmira, Yumbo, Chinchiná",28.5,,,
B escala con c_f,200000,-30%,2%,2483.2,3777,3525,93.3,"(1, 1, 0)","Tuluá, Cartago",80.4,3777.0,"(1, 1, 0)",-252.0
B fijo,200000,-30%,2%,2483.2,3777,3525,93.3,"(1, 1, 0)","Tuluá, Cartago",80.4,,,
B escala con c_f,200000,-30%,5%,2483.2,9438,4000,42.4,"(1, 1, 0)","Palmira, Cartago",42.1,3925.0,"(1, 1, 0)",75.0
B fijo,200000,-30%,5%,2483.2,9438,4000,42.4,"(1, 1, 0)","Palmira, Cartago",42.1,,,
B escala con c_f,200000,-30%,10%,2483.2,18880,4000,21.2,"(1, 1, 0)","Palmira, Yumbo",30.2,3925.0,"(1, 1, 0)",75.0
B fijo,200000,-30%,10%,2483.2,18880,4000,21.2,"(1, 1, 0)","Palmira, Yumbo",30.2,,,
B escala con c_f,200000,-30%,13%,2483.2,24546,4000,16.3,"(1, 1, 0)","Palmira, Yumbo",30.2,3925.0,"(1, 1, 0)",75.0
B fijo,200000,-30%,13%,2483.2,24546,4000,16.3,"(1, 1, 0)","Palmira, Yumbo",30.2,,,
B escala con c_f,250000,base,2%,4434.4,3777,3777,100.0,"(1, 1, 0)","Tuluá, Cartago",85.8,3777.0,"(0, 0, 8)",0.0
B fijo,250000,base,2%,3547.5,3777,3777,100.0,"(1, 1, 0)","Tuluá, Cartago",85.8,,,
B escala con c_f,250000,base,5%,4434.4,9438,6000,63.6,"(2, 0, 0)","Palmira, Tuluá",73.2,6000.0,"(2, 0, 0)",0.0
B fijo,250000,base,5%,3547.5,9438,4500,47.7,"(1, 1, 1)","Palmira, Cartago, Chinchiná",39.7,,,
B escala con c_f,250000,base,10%,4434.4,18880,6000,31.8,"(2, 0, 0)","Palmira, Tuluá",51.7,6000.0,"(2, 0, 0)",0.0
B fijo,250000,base,10%,3547.5,18880,4500,23.8,"(1, 1, 1)","Palmira, Yumbo, Chinchiná",28.7,,,
B escala con c_f,250000,base,13%,4434.4,24546,6000,24.4,"(2, 0, 0)","Palmira, Tuluá",48.7,6000.0,"(2, 0, 0)",0.0
B fijo,250000,base,13%,3547.5,24546,4500,18.3,"(1, 1, 1)","Palmira, Yumbo, Chinchiná",28.5,,,
B escala con c_f,250000,-15%,2%,3769.2,3777,3777,100.0,"(1, 1, 0)","Tuluá, Cartago",85.8,3777.0,"(0, 1, 6)",0.0
B fijo,250000,-15%,2%,3015.4,3777,3522,93.2,"(1, 1, 0)","Tuluá, Cartago",80.4,,,
B escala con c_f,250000,-15%,5%,3769.2,9438,4500,47.7,"(1, 1, 1)","Palmira, Cartago, Chinchiná",39.7,4500.0,"(1, 0, 3)",0.0
B fijo,250000,-15%,5%,3015.4,9438,4000,42.4,"(1, 1, 0)","Palmira, Cartago",42.1,,,
B escala con c_f,250000,-15%,10%,3769.2,18880,4804,25.4,"(1, 2, 0)","Palmira, Jamundí, Yumbo",28.5,4500.0,"(1, 0, 3)",304.0
B fijo,250000,-15%,10%,3015.4,18880,4000,21.2,"(1, 1, 0)","Palmira, Yumbo",30.2,,,
B escala con c_f,250000,-15%,13%,3769.2,24546,4824,19.7,"(1, 2, 0)","Palmira, Jamundí, Yumbo",27.9,4500.0,"(1, 0, 3)",324.0
B fijo,250000,-15%,13%,3015.4,24546,4000,16.3,"(1, 1, 0)","Palmira, Yumbo",30.2,,,
B escala con c_f,250000,-30%,2%,3104.1,3777,3777,100.0,"(1, 1, 0)","Tuluá, Cartago",85.8,3777.0,"(1, 1, 0)",0.0
B fijo,250000,-30%,2%,2483.2,3777,3000,79.4,"(1, 0, 0)",Tuluá,100.2,,,
B escala con c_f,250000,-30%,5%,3104.1,9438,4000,42.4,"(1, 1, 0)","Palmira, Cartago",42.1,4000.0,"(1, 1, 0)",0.0
B fijo,250000,-30%,5%,2483.2,9438,3000,31.8,"(1, 0, 0)",Palmira,46.3,,,
B escala con c_f,250000,-30%,10%,3104.1,18880,4000,21.2,"(1, 1, 0)","Palmira, Yumbo",30.2,4000.0,"(1, 1, 0)",0.0
B fijo,250000,-30%,10%,2483.2,18880,3000,15.9,"(1, 0, 0)",Palmira,34.4,,,
B escala con c_f,250000,-30%,13%,3104.1,24546,4000,16.3,"(1, 1, 0)","Palmira, Yumbo",30.2,4000.0,"(1, 1, 0)",0.0
B fijo,250000,-30%,13%,2483.2,24546,3000,12.2,"(1, 0, 0)",Palmira,34.4,,,
B escala con c_f,300000,base,2%,5321.2,3777,3777,100.0,"(1, 1, 0)","Tuluá, Cartago",85.8,3777.0,"(0, 0, 8)",0.0
B fijo,300000,base,2%,3547.5,3777,3519,93.2,"(1, 1, 0)","Tuluá, Cartago",80.3,,,
B escala con c_f,300000,base,5%,5321.2,9438,6000,63.6,"(2, 0, 0)","Palmira, Tuluá",73.2,6000.0,"(2, 0, 0)",0.0
B fijo,300000,base,5%,3547.5,9438,4000,42.4,"(1, 1, 0)","Palmira, Cartago",42.1,,,
B escala con c_f,300000,base,10%,5321.2,18880,6000,31.8,"(2, 0, 0)","Palmira, Tuluá",51.7,6000.0,"(2, 0, 0)",0.0
B fijo,300000,base,10%,3547.5,18880,4000,21.2,"(1, 1, 0)","Palmira, Yumbo",30.2,,,
B escala con c_f,300000,base,13%,5321.2,24546,6000,24.4,"(2, 0, 0)","Palmira, Tuluá",48.7,6000.0,"(2, 0, 0)",0.0
B fijo,300000,base,13%,3547.5,24546,4000,16.3,"(1, 1, 0)","Palmira, Yumbo",30.2,,,
B escala con c_f,300000,-15%,2%,4523.1,3777,3777,100.0,"(1, 1, 0)","Tuluá, Cartago",85.8,3777.0,"(0, 0, 8)",0.0
B fijo,300000,-15%,2%,3015.4,3777,3000,79.4,"(1, 0, 0)",Tuluá,100.2,,,
B escala con c_f,300000,-15%,5%,4523.1,9438,4952,52.5,"(1, 2, 0)","Palmira, Cartago, Guadalajara de Buga",52.9,4756.0,"(1, 2, 0)",196.0
B fijo,300000,-15%,5%,3015.4,9438,3000,31.8,"(1, 0, 0)",Palmira,46.3,,,
B escala con c_f,300000,-15%,10%,4523.1,18880,5000,26.5,"(1, 2, 0)","Palmira, Cartago, Yumbo",29.8,4756.0,"(1, 2, 0)",244.0
B fijo,300000,-15%,10%,3015.4,18880,3000,15.9,"(1, 0, 0)",Palmira,34.4,,,
B escala con c_f,300000,-15%,13%,4523.1,24546,5000,20.4,"(1, 2, 0)","Palmira, Jamundí, Yumbo",28.1,4756.0,"(1, 2, 0)",244.0
B fijo,300000,-15%,13%,3015.4,24546,3000,12.2,"(1, 0, 0)",Palmira,34.4,,,
B escala con c_f,300000,-30%,2%,3724.9,3777,3777,100.0,"(1, 1, 0)","Tuluá, Cartago",85.8,3777.0,"(1, 0, 2)",0.0
B fijo,300000,-30%,2%,2483.2,3777,2302,60.9,"(0, 2, 1)","Cartago, Yumbo, Chinchiná",23.9,,,
B escala con c_f,300000,-30%,5%,3724.9,9438,4000,42.4,"(1, 1, 0)","Palmira, Cartago",42.1,4000.0,"(1, 0, 2)",0.0
B fijo,300000,-30%,5%,2483.2,9438,2422,25.7,"(1, 0, 0)",Palmira,35.4,,,
B escala con c_f,300000,-30%,10%,3724.9,18880,4000,21.2,"(1, 1, 0)","Palmira, Yumbo",30.2,4000.0,"(1, 0, 2)",0.0
B fijo,300000,-30%,10%,2483.2,18880,2438,12.9,"(1, 0, 0)",Palmira,34.4,,,
B escala con c_f,300000,-30%,13%,3724.9,24546,4000,16.3,"(1, 1, 0)","Palmira, Yumbo",30.2,4000.0,"(1, 0, 2)",0.0
B fijo,300000,-30%,13%,2483.2,24546,2438,9.9,"(1, 0, 0)",Palmira,34.4,,,
B escala con c_f,400000,base,2%,7095.0,3777,3777,100.0,"(1, 1, 0)","Tuluá, Cartago",85.8,3777.0,"(0, 0, 8)",0.0
B fijo,400000,base,2%,3547.5,3777,3000,79.4,"(1, 0, 0)",Tuluá,100.2,,,
B escala con c_f,400000,base,5%,7095.0,9438,6000,63.6,"(2, 0, 0)","Palmira, Tuluá",73.2,6000.0,"(2, 0, 0)",0.0
B fijo,400000,base,5%,3547.5,9438,3000,31.8,"(1, 0, 0)",Palmira,46.3,,,
B escala con c_f,400000,base,10%,7095.0,18880,6000,31.8,"(2, 0, 0)","Palmira, Tuluá",51.7,6000.0,"(2, 0, 0)",0.0
B fijo,400000,base,10%,3547.5,18880,3000,15.9,"(1, 0, 0)",Palmira,34.4,,,
B escala con c_f,400000,base,13%,7095.0,24546,6000,24.4,"(2, 0, 0)","Palmira, Tuluá",48.7,6000.0,"(2, 0, 0)",0.0
B fijo,400000,base,13%,3547.5,24546,3000,12.2,"(1, 0, 0)",Palmira,34.4,,,
B escala con c_f,400000,-15%,2%,6030.8,3777,3777,100.0,"(1, 1, 0)","Tuluá, Cartago",85.8,3777.0,"(0, 0, 8)",0.0
B fijo,400000,-15%,2%,3015.4,3777,2000,53.0,"(0, 2, 0)","Cartago, Yumbo",24.8,,,
B escala con c_f,400000,-15%,5%,6030.8,9438,5000,53.0,"(1, 2, 0)","Palmira, Cartago, Guadalajara de Buga",53.7,5000.0,"(1, 2, 0)",0.0
B fijo,400000,-15%,5%,3015.4,9438,2000,21.2,"(0, 2, 0)","Jamundí, Yumbo",18.7,,,
B escala con c_f,400000,-15%,10%,6030.8,18880,5000,26.5,"(1, 2, 0)","Palmira, Cartago, Yumbo",29.8,5000.0,"(1, 2, 0)",0.0
B fijo,400000,-15%,10%,3015.4,18880,2000,10.6,"(0, 2, 0)","Jamundí, Yumbo",18.7,,,
B escala con c_f,400000,-15%,13%,6030.8,24546,5000,20.4,"(1, 2, 0)","Palmira, Jamundí, Yumbo",28.1,5000.0,"(1, 2, 0)",0.0
B fijo,400000,-15%,13%,3015.4,24546,2000,8.1,"(0, 2, 0)","Jamundí, Yumbo",18.7,,,
B escala con c_f,400000,-30%,2%,4966.5,3777,3777,100.0,"(1, 1, 0)","Tuluá, Cartago",85.8,3777.0,"(1, 0, 2)",0.0
B fijo,400000,-30%,2%,2483.2,3777,1500,39.7,"(0, 1, 1)","Yumbo, Chinchiná",21.7,,,
B escala con c_f,400000,-30%,5%,4966.5,9438,4000,42.4,"(1, 1, 0)","Palmira, Cartago",42.1,4000.0,"(1, 0, 2)",0.0
B fijo,400000,-30%,5%,2483.2,9438,1500,15.9,"(0, 1, 1)","Yumbo, Chinchiná",18.9,,,
B escala con c_f,400000,-30%,10%,4966.5,18880,4000,21.2,"(1, 1, 0)","Palmira, Yumbo",30.2,4000.0,"(1, 0, 2)",0.0
B fijo,400000,-30%,10%,2483.2,18880,1500,7.9,"(0, 1, 1)","Yumbo, Chinchiná",17.2,,,
B escala con c_f,400000,-30%,13%,4966.5,24546,4000,16.3,"(1, 1, 0)","Palmira, Yumbo",30.2,4000.0,"(1, 0, 2)",0.0
B fijo,400000,-30%,13%,2483.2,24546,1500,6.1,"(0, 1, 1)","Yumbo, Chinchiná",16.7,,,
