escenario,Población que requiere campamento,Población atendida,Población no atendida,% atendida,Campamentos abiertos,Sitios abiertos,Capacidad instalada,Capacidad utilizada,% utilización de la capacidad instalada,Capacidad ociosa,Costo fijo,Costo transporte,Costo kits alimentación,Costo kits aseo,Costo ajuste por redondeo de kits,Costo atención (kits),Costo total,Presupuesto,Holgura presupuestal,% presupuesto usado,Costo por persona atendida,Distancia promedio ponderada (km),Distancia máxima recorrida (km),Persona-km,% de atendidos a ≤50 km,% de atendidos a ≤100 km,% de atendidos a ≤150 km,% de atendidos a ≤180 km,Municipios con cobertura 0 %,Municipios con cobertura 100 %,Cobertura Caldas,Cobertura Quindío,Cobertura Risaralda,Cobertura Valle del Cauca,Cobertura mínima departamental
Base,18880,5736,13144,0.3038135593220339,2,"Palmira, Tuluá",6000,5736,0.956,264,3060000000.0,143315331.0,170531280,170531280,3097440.0,344160000.0,3547475331.0,3547500000.0,24669.0,0.9999930460887949,618458.0423640168,49.970478033472794,89.1,286630.66199999995,0.6694560669456067,1.0,1.0,1.0,15,12,0.0,0.5764150943396227,0.0,0.5100564971751412,0.0
Presupuesto −15%,18880,4500,14380,0.23834745762711865,3,"Palmira, Yumbo, Chinchiná",4500,4500,1.0,0,2475000000.0,64505680.0,133785000,133785000,2430000.0,270000000.0,2809505680.0,3015375000.0,205869320.0,0.931726793516561,624334.5955555555,28.66919111111111,34.4,129011.36,1.0,1.0,1.0,1.0,26,1,0.0,0.0,0.07092198581560284,0.4519774011299435,0.0
Presupuesto −20%,18880,4500,14380,0.23834745762711865,3,"Palmira, Yumbo, Chinchiná",4500,4500,1.0,0,2475000000.0,64505680.0,133785000,133785000,2430000.0,270000000.0,2809505680.0,2838000000.0,28494320.0,0.989959718111346,624334.5955555555,28.66919111111111,34.4,129011.36,1.0,1.0,1.0,1.0,26,1,0.0,0.0,0.07092198581560284,0.4519774011299435,0.0
Presupuesto −25%,18880,4000,14880,0.211864406779661,2,"Palmira, Yumbo",4000,4000,1.0,0,2130000000.0,60467000.0,118920000,118920000,2160000.0,240000000.0,2430467000.0,2660625000.0,230158000.0,0.9134947615691802,607616.75,30.2335,34.4,120934.0,1.0,1.0,1.0,1.0,28,0,0.0,0.0,0.0,0.4519774011299435,0.0
Presupuesto −30%,18880,4000,14880,0.211864406779661,2,"Palmira, Yumbo",4000,4000,1.0,0,2130000000.0,60467000.0,118920000,118920000,2160000.0,240000000.0,2430467000.0,2483250000.0,52783000.0,0.9787443873955501,607616.75,30.2335,34.4,120934.0,1.0,1.0,1.0,1.0,28,0,0.0,0.0,0.0,0.4519774011299435,0.0
f = 2 % (cercano a lo observado),3777,3777,0,1.0,2,"Tuluá, Cartago",4000,3777,0.94425,223,2130000000.0,161973561.5,112290210,112290210,2039580.0,226620000.0,2518593561.5,3547500000.0,1028906438.5,0.7099629489781536,666823.818241991,85.76836722266349,135.102,323947.12299999996,0.2581413820492454,0.6955255493778131,1.0,1.0,0,29,1.0,1.0,1.0,1.0,1.0
f = 5 %,9438,5500,3938,0.5827505827505828,4,"Palmira, Cartago, Guadalajara de Buga, Chinchiná",5500,5500,1.0,0,3075000000.0,139593402.5,163515000,163515000,2970000.0,330000000.0,3544593402.5,3547500000.0,2906597.5,0.9991806631430585,644471.5277272727,50.76123727272727,144.0,279186.805,0.7554545454545455,0.86,1.0,1.0,9,17,0.0,0.0,0.41174801362088537,0.9154420076870902,0.0
"f = 8,3 % (mínimo ABAG/Hazus)",15669,5683,9986,0.36269066309273085,2,"Palmira, Tuluá",6000,5683,0.9471666666666667,317,3060000000.0,146501691.0,168955590,168955590,3068820.0,340980000.0,3547481691.0,3547500000.0,18309.0,0.9999948389006342,624226.9384128101,51.55787119479148,94.755,293003.382,0.6507126517684322,1.0,1.0,1.0,13,14,0.0,0.7568181818181818,0.0,0.5923757658270933,0.0
"f = 11,6 % (central ABAG/Hazus)",21901,5782,16119,0.2640062097621113,2,"Palmira, Tuluá",6000,5782,0.9636666666666667,218,3060000000.0,140528442.5,171898860,171898860,3122280.0,346920000.0,3547448442.5,3547500000.0,51557.5,0.9999854665257223,613533.1100830162,48.60893894846074,89.1,281056.885,0.6874783811829817,1.0,1.0,1.0,15,12,0.0,0.4166666666666667,0.0,0.4633742450808494,0.0
f = 13 % (extremo ABAG),24546,5822,18724,0.23718732176322008,2,"Palmira, Tuluá",6000,5822,0.9703333333333334,178,3060000000.0,138095434.0,173088060,173088060,3143880.0,349320000.0,3547415434.0,3547500000.0,84566.0,0.9999761618040874,609312.1666094125,47.43917347990381,89.1,276190.86799999996,0.7028512538646513,1.0,1.0,1.0,15,12,0.0,0.3093942691331157,0.0,0.43186163740657046,0.0
"Hogar = 3,0 personas",26428,5880,20548,0.22249129710912668,2,"Palmira, Tuluá",6000,5880,0.98,120,3060000000.0,134610532.0,174812400,174812400,3175200.0,352800000.0,3547410532.0,3547500000.0,89468.0,0.9999747799859056,603301.1108843538,45.78589523809523,89.1,269221.06399999995,0.7309523809523809,1.0,1.0,1.0,15,12,0.0,0.18078575813382444,0.0,0.4231107556977209,0.0
Distancia máx. 120 km,18880,5736,13144,0.3038135593220339,2,"Palmira, Tuluá",6000,5736,0.956,264,3060000000.0,143315331.0,170531280,170531280,3097440.0,344160000.0,3547475331.0,3547500000.0,24669.0,0.9999930460887949,618458.0423640168,49.970478033472794,89.1,286630.66199999995,0.6694560669456067,1.0,1.0,1.0,15,12,0.0,0.5764150943396227,0.0,0.5100564971751412,0.0
Distancia máx. 150 km,18880,5736,13144,0.3038135593220339,2,"Palmira, Tuluá",6000,5736,0.956,264,3060000000.0,143315331.0,170531280,170531280,3097440.0,344160000.0,3547475331.0,3547500000.0,24669.0,0.9999930460887949,618458.0423640168,49.970478033472794,89.1,286630.66199999995,0.6694560669456067,1.0,1.0,1.0,15,12,0.0,0.5764150943396227,0.0,0.5100564971751412,0.0
Distancia máx. 210 km,18880,5736,13144,0.3038135593220339,2,"Palmira, Tuluá",6000,5736,0.956,264,3060000000.0,143315331.0,170531280,170531280,3097440.0,344160000.0,3547475331.0,3547500000.0,24669.0,0.9999930460887949,618458.0423640168,49.970478033472794,89.1,286630.66199999995,0.6694560669456067,1.0,1.0,1.0,15,12,0.0,0.5764150943396227,0.0,0.5100564971751412,0.0
Sin economías de escala (φ = 1),18880,5500,13380,0.2913135593220339,7,"Jamundí, Cartago, Candelaria, Yumbo, Florida, Pradera, Chinchiná",5500,5500,1.0,0,3300000000.0,71415643.0,163515000,163515000,2970000.0,330000000.0,3701415643.0,3750000000.0,48584357.0,0.9870441714666667,672984.6623636363,25.969324727272728,41.817,142831.286,1.0,1.0,1.0,1.0,23,3,0.0,0.0,0.19872340425531915,0.4631638418079096,0.0
c_f = 150.000 con B fijo,18880,7000,11880,0.3707627118644068,3,"Palmira, Tuluá, Yumbo",7000,7000,1.0,0,2745000000.0,164044505.5,208110000,208110000,3780000.0,420000000.0,3329044505.5,3547500000.0,218455494.5,0.9384198747004933,475577.7865,46.86985871428571,90.769,328089.011,0.6914285714285714,1.0,1.0,1.0,14,13,0.0,0.7009433962264151,0.0,0.6230508474576271,0.0
c_f = 250.000 con B fijo,18880,4500,14380,0.23834745762711865,3,"Palmira, Yumbo, Chinchiná",4500,4500,1.0,0,3093750000.0,64505680.0,133785000,133785000,2430000.0,270000000.0,3428255680.0,3547500000.0,119244320.0,0.9663863791402396,761834.5955555555,28.66919111111111,34.4,129011.36,1.0,1.0,1.0,1.0,26,1,0.0,0.0,0.07092198581560284,0.4519774011299435,0.0
Distancias solo OSRM (sin verificación Google),18880,5733,13147,0.30365466101694916,2,"Palmira, Tuluá",6000,5733,0.9555,267,3060000000.0,143502422.5,170442090,170442090,3095820.0,343980000.0,3547482422.5,3547500000.0,17577.5,0.9999950451021846,618782.9099075528,50.06189516832374,93.437,287004.845,0.6698063840920984,1.0,1.0,1.0,14,13,0.0,0.575,0.0,0.5100564971751412,0.0
Distancias + 48 pares Google de 140–160 km,18880,5736,13144,0.3038135593220339,2,"Palmira, Tuluá",6000,5736,0.956,264,3060000000.0,143315331.0,170531280,170531280,3097440.0,344160000.0,3547475331.0,3547500000.0,24669.0,0.9999930460887949,618458.0423640168,49.970478033472794,89.1,286630.66199999995,0.6694560669456067,1.0,1.0,1.0,15,12,0.0,0.5764150943396227,0.0,0.5100564971751412,0.0
Con reserva La Tebaida,18880,5736,13144,0.3038135593220339,2,"Palmira, Tuluá",6000,5736,0.956,264,3060000000.0,143315331.0,170531280,170531280,3097440.0,344160000.0,3547475331.0,3547500000.0,24669.0,0.9999930460887949,618458.0423640168,49.970478033472794,89.1,286630.66199999995,0.6694560669456067,1.0,1.0,1.0,15,12,0.0,0.5764150943396227,0.0,0.5100564971751412,0.0
Solo intermedios y grandes (B conservado),18880,5736,13144,0.3038135593220339,2,"Palmira, Tuluá",6000,5736,0.956,264,3060000000.0,143315331.0,170531280,170531280,3097440.0,344160000.0,3547475331.0,3547500000.0,24669.0,0.9999930460887949,618458.0423640168,49.970478033472794,89.1,286630.66199999995,0.6694560669456067,1.0,1.0,1.0,15,12,0.0,0.5764150943396227,0.0,0.5100564971751412,0.0
"Solo intermedios y grandes (B conservado), −15 %",18880,4000,14880,0.211864406779661,2,"Palmira, Yumbo",4000,4000,1.0,0,2130000000.0,60467000.0,118920000,118920000,2160000.0,240000000.0,2430467000.0,3015375000.0,584908000.0,0.8060247896198649,607616.75,30.2335,34.4,120934.0,1.0,1.0,1.0,1.0,28,0,0.0,0.0,0.0,0.4519774011299435,0.0
"Solo intermedios y grandes (B conservado), −30 %",18880,4000,14880,0.211864406779661,2,"Palmira, Yumbo",4000,4000,1.0,0,2130000000.0,60467000.0,118920000,118920000,2160000.0,240000000.0,2430467000.0,2483250000.0,52783000.0,0.9787443873955501,607616.75,30.2335,34.4,120934.0,1.0,1.0,1.0,1.0,28,0,0.0,0.0,0.0,0.4519774011299435,0.0
Solo intermedios y grandes (B recalculado),18880,4089,14791,0.21657838983050848,3,"Palmira, Jamundí, Yumbo",5000,4089,0.8178,911,2730000000.0,54597800.0,121565970,121565970,2208060.0,245340000.0,3029937800.0,3030000000.0,62200.0,0.9999794719471947,740997.2609439961,26.70471998043531,34.4,109195.59999999999,1.0,1.0,1.0,1.0,28,0,0.0,0.0,0.0,0.46203389830508473,0.0
"Solo intermedios y grandes (B recalculado), −15 %",18880,4000,14880,0.211864406779661,2,"Palmira, Yumbo",4000,4000,1.0,0,2130000000.0,60467000.0,118920000,118920000,2160000.0,240000000.0,2430467000.0,2575500000.0,145033000.0,0.9436874393321685,607616.75,30.2335,34.4,120934.0,1.0,1.0,1.0,1.0,28,0,0.0,0.0,0.0,0.4519774011299435,0.0
"Solo intermedios y grandes (B recalculado), −30 %",18880,3000,15880,0.15889830508474576,1,Palmira,3000,3000,1.0,0,1530000000.0,51600000.0,89190000,89190000,1620000.0,180000000.0,1761600000.0,2120999999.9999998,359399999.99999976,0.8305516265912306,587200.0,34.4,34.4,103200.0,1.0,1.0,1.0,1.0,28,0,0.0,0.0,0.0,0.3389830508474576,0.0
Presupuesto solo sobre costos fijos (R4'),18880,6500,12380,0.3442796610169492,3,"Palmira, Tuluá, Chinchiná",6500,6500,1.0,0,3405000000.0,159216185.5,193245000,193245000,3510000.0,390000000.0,3954216185.5,3547500000.0,-406716185.5,1.1146486780831573,608340.9516153847,48.98959553846154,90.769,318432.37100000004,0.6676923076923077,1.0,1.0,1.0,12,14,0.0,0.7009433962264151,0.07092198581560284,0.5100564971751412,0.0
"Presupuesto solo sobre costos fijos (R4'), −15 %",18880,5000,13880,0.2648305084745763,3,"Palmira, Cartago, Yumbo",5000,5000,1.0,0,2730000000.0,74530213.0,148650000,148650000,2700000.0,300000000.0,3104530213.0,3015375000.0,-89155213.0,1.0295668741035526,620906.0426,29.812085200000002,34.4,149060.426,1.0,1.0,1.0,1.0,25,2,0.0,0.0,0.12780141843971632,0.4631638418079096,0.0
"Presupuesto solo sobre costos fijos (R4'), −30 %",18880,4500,14380,0.23834745762711865,3,"Palmira, Yumbo, Chinchiná",4500,4500,1.0,0,2475000000.0,64505680.0,133785000,133785000,2430000.0,270000000.0,2809505680.0,2483250000.0,-326255680.0,1.1313825349843956,624334.5955555555,28.66919111111111,34.4,129011.36,1.0,1.0,1.0,1.0,26,1,0.0,0.0,0.07092198581560284,0.4519774011299435,0.0
"Tarifa de transporte × 1,5",18880,5500,13380,0.2913135593220339,4,"Palmira, Cartago, Yumbo, Chinchiná",5500,5500,1.0,0,3075000000.0,117853339.5,163515000,163515000,2970000.0,330000000.0,3522853339.5,3547500000.0,24646660.5,0.9930523860465116,640518.789,28.57050654545455,34.4,157137.78600000002,1.0,1.0,1.0,1.0,23,3,0.0,0.0,0.19872340425531915,0.4631638418079096,0.0
