dmax_km,estado,atendidos,sitios,costo,dist_media,dist_max,mun_sin_atencion,igual_a_base
40,Optimal,5500,"Palmira, Cartago, Yumbo, Chinchiná",3483568893.0,28.57050654545455,34.4,23,False
50,Optimal,5500,"Palmira, Cartago, Yumbo, Chinchiná",3483568893.0,28.57050654545455,34.4,23,False
60,Optimal,5500,"Palmira, Cartago, Yumbo, Chinchiná",3483568893.0,28.57050654545455,34.4,23,False
70,Optimal,5500,"Palmira, Cartago, Yumbo, Chinchiná",3483568893.0,28.57050654545455,34.4,23,False
80,Optimal,5500,"Palmira, Cartago, Yumbo, Chinchiná",3483568893.0,28.57050654545455,34.4,23,False
85,Optimal,5500,"Palmira, Cartago, Yumbo, Chinchiná",3483568893.0,28.57050654545455,34.4,23,False
88,Optimal,5500,"Palmira, Cartago, Yumbo, Chinchiná",3483568893.0,28.57050654545455,34.4,23,False
89,Optimal,5500,"Palmira, Cartago, Yumbo, Chinchiná",3483568893.0,28.57050654545455,34.4,23,False
90,Optimal,5736,"Palmira, Tuluá",3547475331.0,49.970478033472794,89.1,15,True
95,Optimal,5736,"Palmira, Tuluá",3547475331.0,49.970478033472794,89.1,15,True
100,Optimal,5736,"Palmira, Tuluá",3547475331.0,49.970478033472794,89.1,15,True
120,Optimal,5736,"Palmira, Tuluá",3547475331.0,49.970478033472794,89.1,15,True
150,Optimal,5736,"Palmira, Tuluá",3547475331.0,49.970478033472794,89.1,15,True
180,Optimal,5736,"Palmira, Tuluá",3547475331.0,49.970478033472794,89.1,15,True
210,Optimal,5736,"Palmira, Tuluá",3547475331.0,49.970478033472794,89.1,15,True
250,Optimal,5736,"Palmira, Tuluá",3547475331.0,49.970478033472794,89.1,15,True
