id_demanda,id_sitio,municipio_origen,sitio_destino,km_OSRM,km_Google_Maps,grupo,url_consulta,fecha_consulta,metodo
D66001,C04,Pereira,Cartago,30.343,30.4,control,"https://www.google.com/maps/dir/4.804985,-75.719711/4.742192,-75.924374/data=!4m2!4m1!3e0?hl=es",2026-10-01,"Google Maps, modo carro, primera ruta sugerida (más rápida con tráfico habitual); km mostrados (1 decimal <100 km, entero ≥100 km)"
D66001,C13,Pereira,Chinchiná,32.555,33.0,control,"https://www.google.com/maps/dir/4.804985,-75.719711/4.985227,-75.607529/data=!4m2!4m1!3e0?hl=es",2026-10-01,"Google Maps, modo carro, primera ruta sugerida (más rápida con tráfico habitual); km mostrados (1 decimal <100 km, entero ≥100 km)"
D63001,C04,Armenia,Cartago,53.196,53.4,control,"https://www.google.com/maps/dir/4.535980,-75.680786/4.742192,-75.924374/data=!4m2!4m1!3e0?hl=es",2026-10-01,"Google Maps, modo carro, primera ruta sugerida (más rápida con tráfico habitual); km mostrados (1 decimal <100 km, entero ≥100 km)"
D17001,C13,Manizales,Chinchiná,27.502,27.6,control,"https://www.google.com/maps/dir/5.057657,-75.491025/4.985227,-75.607529/data=!4m2!4m1!3e0?hl=es",2026-10-01,"Google Maps, modo carro, primera ruta sugerida (más rápida con tráfico habitual); km mostrados (1 decimal <100 km, entero ≥100 km)"
D76001,C01,Cali,Palmira,33.065,34.4,control,"https://www.google.com/maps/dir/3.413686,-76.521330/3.531544,-76.298846/data=!4m2!4m1!3e0?hl=es",2026-10-01,"Google Maps, modo carro, primera ruta sugerida (más rápida con tráfico habitual); km mostrados (1 decimal <100 km, entero ≥100 km)"
D76001,C03,Cali,Jamundí,19.459,19.6,control,"https://www.google.com/maps/dir/3.413686,-76.521330/3.258751,-76.538472/data=!4m2!4m1!3e0?hl=es",2026-10-01,"Google Maps, modo carro, primera ruta sugerida (más rápida con tráfico habitual); km mostrados (1 decimal <100 km, entero ≥100 km)"
D76109,C05,Buenaventura,Guadalajara de Buga,110.009,111.0,control,"https://www.google.com/maps/dir/3.875708,-77.010740/3.900736,-76.298979/data=!4m2!4m1!3e0?hl=es",2026-10-01,"Google Maps, modo carro, primera ruta sugerida (más rápida con tráfico habitual); km mostrados (1 decimal <100 km, entero ≥100 km)"
D66001,C02,Pereira,Tuluá,117.184,117.0,control,"https://www.google.com/maps/dir/4.804985,-75.719711/4.085399,-76.197731/data=!4m2!4m1!3e0?hl=es",2026-10-01,"Google Maps, modo carro, primera ruta sugerida (más rápida con tráfico habitual); km mostrados (1 decimal <100 km, entero ≥100 km)"
D66001,C17,Pereira,La Dorada,269.932,223.0,control,"https://www.google.com/maps/dir/4.804985,-75.719711/5.460834,-74.668819/data=!4m2!4m1!3e0?hl=es",2026-10-01,"Google Maps, modo carro, primera ruta sugerida (más rápida con tráfico habitual); km mostrados (1 decimal <100 km, entero ≥100 km)"
D66170,C17,Dosquebradas,La Dorada,263.443,216.0,control,"https://www.google.com/maps/dir/4.833131,-75.675371/5.460834,-74.668819/data=!4m2!4m1!3e0?hl=es",2026-10-01,"Google Maps, modo carro, primera ruta sugerida (más rápida con tráfico habitual); km mostrados (1 decimal <100 km, entero ≥100 km)"
D66682,C17,Santa Rosa de Cabal,La Dorada,252.077,204.0,control,"https://www.google.com/maps/dir/4.876271,-75.623268/5.460834,-74.668819/data=!4m2!4m1!3e0?hl=es",2026-10-01,"Google Maps, modo carro, primera ruta sugerida (más rápida con tráfico habitual); km mostrados (1 decimal <100 km, entero ≥100 km)"
D17001,C16,Manizales,Pensilvania,134.173,135.0,control,"https://www.google.com/maps/dir/5.057657,-75.491025/5.383281,-75.160299/data=!4m2!4m1!3e0?hl=es",2026-10-01,"Google Maps, modo carro, primera ruta sugerida (más rápida con tráfico habitual); km mostrados (1 decimal <100 km, entero ≥100 km)"
D17873,C16,Villamaría,Pensilvania,133.358,134.0,control,"https://www.google.com/maps/dir/5.038925,-75.502487/5.383281,-75.160299/data=!4m2!4m1!3e0?hl=es",2026-10-01,"Google Maps, modo carro, primera ruta sugerida (más rápida con tráfico habitual); km mostrados (1 decimal <100 km, entero ≥100 km)"
D76001,C02,Cali,Tuluá,100.946,96.5,control,"https://www.google.com/maps/dir/3.413686,-76.521330/4.085399,-76.197731/data=!4m2!4m1!3e0?hl=es",2026-10-01,"Google Maps, modo carro, primera ruta sugerida (más rápida con tráfico habitual); km mostrados (1 decimal <100 km, entero ≥100 km)"
D76109,C01,Buenaventura,Palmira,153.83,144.0,control,"https://www.google.com/maps/dir/3.875708,-77.010740/3.531544,-76.298846/data=!4m2!4m1!3e0?hl=es",2026-10-01,"Google Maps, modo carro, primera ruta sugerida (más rápida con tráfico habitual); km mostrados (1 decimal <100 km, entero ≥100 km)"
D63001,C02,Armenia,Tuluá,93.437,89.1,control,"https://www.google.com/maps/dir/4.535980,-75.680786/4.085399,-76.197731/data=!4m2!4m1!3e0?hl=es",2026-10-01,"Google Maps, modo carro, primera ruta sugerida (más rápida con tráfico habitual); km mostrados (1 decimal <100 km, entero ≥100 km)"
D66001,C01,Pereira,Palmira,188.597,195.0,banda_160_230,"https://www.google.com/maps/dir/4.804985,-75.719711/3.531544,-76.298846/data=!4m2!4m1!3e0?hl=es",2026-10-01,"Google Maps, modo carro, primera ruta sugerida (más rápida con tráfico habitual); km mostrados (1 decimal <100 km, entero ≥100 km)"
D66001,C03,Pereira,Jamundí,229.412,230.0,banda_160_230,"https://www.google.com/maps/dir/4.804985,-75.719711/3.258751,-76.538472/data=!4m2!4m1!3e0?hl=es",2026-10-01,"Google Maps, modo carro, primera ruta sugerida (más rápida con tráfico habitual); km mostrados (1 decimal <100 km, entero ≥100 km)"
D66001,C06,Pereira,Candelaria,202.132,203.0,banda_160_230,"https://www.google.com/maps/dir/4.804985,-75.719711/3.408354,-76.346519/data=!4m2!4m1!3e0?hl=es",2026-10-01,"Google Maps, modo carro, primera ruta sugerida (más rápida con tráfico habitual); km mostrados (1 decimal <100 km, entero ≥100 km)"
D66001,C07,Pereira,Yumbo,198.742,200.0,banda_160_230,"https://www.google.com/maps/dir/4.804985,-75.719711/3.540097,-76.499893/data=!4m2!4m1!3e0?hl=es",2026-10-01,"Google Maps, modo carro, primera ruta sugerida (más rápida con tráfico habitual); km mostrados (1 decimal <100 km, entero ≥100 km)"
D66001,C08,Pereira,Florida,220.258,222.0,banda_160_230,"https://www.google.com/maps/dir/4.804985,-75.719711/3.324118,-76.234199/data=!4m2!4m1!3e0?hl=es",2026-10-01,"Google Maps, modo carro, primera ruta sugerida (más rápida con tráfico habitual); km mostrados (1 decimal <100 km, entero ≥100 km)"
D66001,C09,Pereira,El Cerrito,168.385,170.0,banda_160_230,"https://www.google.com/maps/dir/4.804985,-75.719711/3.684229,-76.311972/data=!4m2!4m1!3e0?hl=es",2026-10-01,"Google Maps, modo carro, primera ruta sugerida (más rápida con tráfico habitual); km mostrados (1 decimal <100 km, entero ≥100 km)"
D66001,C10,Pereira,Pradera,206.336,206.0,banda_160_230,"https://www.google.com/maps/dir/4.804985,-75.719711/3.419793,-76.241799/data=!4m2!4m1!3e0?hl=es",2026-10-01,"Google Maps, modo carro, primera ruta sugerida (más rápida con tráfico habitual); km mostrados (1 decimal <100 km, entero ≥100 km)"
D66001,C12,Pereira,Ginebra,171.073,172.0,banda_160_230,"https://www.google.com/maps/dir/4.804985,-75.719711/3.724181,-76.268068/data=!4m2!4m1!3e0?hl=es",2026-10-01,"Google Maps, modo carro, primera ruta sugerida (más rápida con tráfico habitual); km mostrados (1 decimal <100 km, entero ≥100 km)"
D66001,C15,Pereira,Aguadas,173.997,178.0,banda_160_230,"https://www.google.com/maps/dir/4.804985,-75.719711/5.610244,-75.454870/data=!4m2!4m1!3e0?hl=es",2026-10-01,"Google Maps, modo carro, primera ruta sugerida (más rápida con tráfico habitual); km mostrados (1 decimal <100 km, entero ≥100 km)"
D66001,C16,Pereira,Pensilvania,190.347,192.0,banda_160_230,"https://www.google.com/maps/dir/4.804985,-75.719711/5.383281,-75.160299/data=!4m2!4m1!3e0?hl=es",2026-10-01,"Google Maps, modo carro, primera ruta sugerida (más rápida con tráfico habitual); km mostrados (1 decimal <100 km, entero ≥100 km)"
D76001,C04,Cali,Cartago,189.334,185.0,banda_160_230,"https://www.google.com/maps/dir/3.413686,-76.521330/4.742192,-75.924374/data=!4m2!4m1!3e0?hl=es",2026-10-01,"Google Maps, modo carro, primera ruta sugerida (más rápida con tráfico habitual); km mostrados (1 decimal <100 km, entero ≥100 km)"
D76001,R01,Cali,La Tebaida,172.704,169.0,banda_160_230,"https://www.google.com/maps/dir/3.413686,-76.521330/4.453755,-75.786887/data=!4m2!4m1!3e0?hl=es",2026-10-01,"Google Maps, modo carro, primera ruta sugerida (más rápida con tráfico habitual); km mostrados (1 decimal <100 km, entero ≥100 km)"
D76109,C04,Buenaventura,Cartago,223.49,225.0,banda_160_230,"https://www.google.com/maps/dir/3.875708,-77.010740/4.742192,-75.924374/data=!4m2!4m1!3e0?hl=es",2026-10-01,"Google Maps, modo carro, primera ruta sugerida (más rápida con tráfico habitual); km mostrados (1 decimal <100 km, entero ≥100 km)"
D76109,C10,Buenaventura,Pradera,171.568,155.0,banda_160_230,"https://www.google.com/maps/dir/3.875708,-77.010740/3.419793,-76.241799/data=!4m2!4m1!3e0?hl=es",2026-10-01,"Google Maps, modo carro, primera ruta sugerida (más rápida con tráfico habitual); km mostrados (1 decimal <100 km, entero ≥100 km)"
D76109,R01,Buenaventura,La Tebaida,206.86,208.0,banda_160_230,"https://www.google.com/maps/dir/3.875708,-77.010740/4.453755,-75.786887/data=!4m2!4m1!3e0?hl=es",2026-10-01,"Google Maps, modo carro, primera ruta sugerida (más rápida con tráfico habitual); km mostrados (1 decimal <100 km, entero ≥100 km)"
D63001,C01,Armenia,Palmira,164.851,167.0,banda_160_230,"https://www.google.com/maps/dir/4.535980,-75.680786/3.531544,-76.298846/data=!4m2!4m1!3e0?hl=es",2026-10-01,"Google Maps, modo carro, primera ruta sugerida (más rápida con tráfico habitual); km mostrados (1 decimal <100 km, entero ≥100 km)"
D63001,C03,Armenia,Jamundí,205.665,202.0,banda_160_230,"https://www.google.com/maps/dir/4.535980,-75.680786/3.258751,-76.538472/data=!4m2!4m1!3e0?hl=es",2026-10-01,"Google Maps, modo carro, primera ruta sugerida (más rápida con tráfico habitual); km mostrados (1 decimal <100 km, entero ≥100 km)"
D63001,C06,Armenia,Candelaria,178.385,174.0,banda_160_230,"https://www.google.com/maps/dir/4.535980,-75.680786/3.408354,-76.346519/data=!4m2!4m1!3e0?hl=es",2026-10-01,"Google Maps, modo carro, primera ruta sugerida (más rápida con tráfico habitual); km mostrados (1 decimal <100 km, entero ≥100 km)"
D63001,C07,Armenia,Yumbo,174.995,171.0,banda_160_230,"https://www.google.com/maps/dir/4.535980,-75.680786/3.540097,-76.499893/data=!4m2!4m1!3e0?hl=es",2026-10-01,"Google Maps, modo carro, primera ruta sugerida (más rápida con tráfico habitual); km mostrados (1 decimal <100 km, entero ≥100 km)"
D63001,C08,Armenia,Florida,196.511,193.0,banda_160_230,"https://www.google.com/maps/dir/4.535980,-75.680786/3.324118,-76.234199/data=!4m2!4m1!3e0?hl=es",2026-10-01,"Google Maps, modo carro, primera ruta sugerida (más rápida con tráfico habitual); km mostrados (1 decimal <100 km, entero ≥100 km)"
D63001,C10,Armenia,Pradera,182.589,178.0,banda_160_230,"https://www.google.com/maps/dir/4.535980,-75.680786/3.419793,-76.241799/data=!4m2!4m1!3e0?hl=es",2026-10-01,"Google Maps, modo carro, primera ruta sugerida (más rápida con tráfico habitual); km mostrados (1 decimal <100 km, entero ≥100 km)"
D63001,C15,Armenia,Aguadas,218.132,220.0,banda_160_230,"https://www.google.com/maps/dir/4.535980,-75.680786/5.610244,-75.454870/data=!4m2!4m1!3e0?hl=es",2026-10-01,"Google Maps, modo carro, primera ruta sugerida (más rápida con tráfico habitual); km mostrados (1 decimal <100 km, entero ≥100 km)"
D66170,C01,Dosquebradas,Palmira,192.26,199.0,banda_160_230,"https://www.google.com/maps/dir/4.833131,-75.675371/3.531544,-76.298846/data=!4m2!4m1!3e0?hl=es",2026-10-01,"Google Maps, modo carro, primera ruta sugerida (más rápida con tráfico habitual); km mostrados (1 decimal <100 km, entero ≥100 km)"
D66170,C06,Dosquebradas,Candelaria,205.794,207.0,banda_160_230,"https://www.google.com/maps/dir/4.833131,-75.675371/3.408354,-76.346519/data=!4m2!4m1!3e0?hl=es",2026-10-01,"Google Maps, modo carro, primera ruta sugerida (más rápida con tráfico habitual); km mostrados (1 decimal <100 km, entero ≥100 km)"
D66170,C07,Dosquebradas,Yumbo,202.405,203.0,banda_160_230,"https://www.google.com/maps/dir/4.833131,-75.675371/3.540097,-76.499893/data=!4m2!4m1!3e0?hl=es",2026-10-01,"Google Maps, modo carro, primera ruta sugerida (más rápida con tráfico habitual); km mostrados (1 decimal <100 km, entero ≥100 km)"
D66170,C08,Dosquebradas,Florida,223.92,226.0,banda_160_230,"https://www.google.com/maps/dir/4.833131,-75.675371/3.324118,-76.234199/data=!4m2!4m1!3e0?hl=es",2026-10-01,"Google Maps, modo carro, primera ruta sugerida (más rápida con tráfico habitual); km mostrados (1 decimal <100 km, entero ≥100 km)"
D66170,C09,Dosquebradas,El Cerrito,172.048,174.0,banda_160_230,"https://www.google.com/maps/dir/4.833131,-75.675371/3.684229,-76.311972/data=!4m2!4m1!3e0?hl=es",2026-10-01,"Google Maps, modo carro, primera ruta sugerida (más rápida con tráfico habitual); km mostrados (1 decimal <100 km, entero ≥100 km)"
D66170,C10,Dosquebradas,Pradera,209.998,210.0,banda_160_230,"https://www.google.com/maps/dir/4.833131,-75.675371/3.419793,-76.241799/data=!4m2!4m1!3e0?hl=es",2026-10-01,"Google Maps, modo carro, primera ruta sugerida (más rápida con tráfico habitual); km mostrados (1 decimal <100 km, entero ≥100 km)"
D66170,C11,Dosquebradas,Guacarí,163.022,164.0,banda_160_230,"https://www.google.com/maps/dir/4.833131,-75.675371/3.761815,-76.330911/data=!4m2!4m1!3e0?hl=es",2026-10-01,"Google Maps, modo carro, primera ruta sugerida (más rápida con tráfico habitual); km mostrados (1 decimal <100 km, entero ≥100 km)"
D66170,C12,Dosquebradas,Ginebra,174.735,175.0,banda_160_230,"https://www.google.com/maps/dir/4.833131,-75.675371/3.724181,-76.268068/data=!4m2!4m1!3e0?hl=es",2026-10-01,"Google Maps, modo carro, primera ruta sugerida (más rápida con tráfico habitual); km mostrados (1 decimal <100 km, entero ≥100 km)"
D66170,C15,Dosquebradas,Aguadas,167.508,171.0,banda_160_230,"https://www.google.com/maps/dir/4.833131,-75.675371/5.610244,-75.454870/data=!4m2!4m1!3e0?hl=es",2026-10-01,"Google Maps, modo carro, primera ruta sugerida (más rápida con tráfico habitual); km mostrados (1 decimal <100 km, entero ≥100 km)"
D66170,C16,Dosquebradas,Pensilvania,183.858,185.0,banda_160_230,"https://www.google.com/maps/dir/4.833131,-75.675371/5.383281,-75.160299/data=!4m2!4m1!3e0?hl=es",2026-10-01,"Google Maps, modo carro, primera ruta sugerida (más rápida con tráfico habitual); km mostrados (1 decimal <100 km, entero ≥100 km)"
D17001,C02,Manizales,Tuluá,170.571,171.0,banda_160_230,"https://www.google.com/maps/dir/5.057657,-75.491025/4.085399,-76.197731/data=!4m2!4m1!3e0?hl=es",2026-10-01,"Google Maps, modo carro, primera ruta sugerida (más rápida con tráfico habitual); km mostrados (1 decimal <100 km, entero ≥100 km)"
D17001,C05,Manizales,Guadalajara de Buga,195.299,196.0,banda_160_230,"https://www.google.com/maps/dir/5.057657,-75.491025/3.900736,-76.298979/data=!4m2!4m1!3e0?hl=es",2026-10-01,"Google Maps, modo carro, primera ruta sugerida (más rápida con tráfico habitual); km mostrados (1 decimal <100 km, entero ≥100 km)"
D17001,C09,Manizales,El Cerrito,221.772,223.0,banda_160_230,"https://www.google.com/maps/dir/5.057657,-75.491025/3.684229,-76.311972/data=!4m2!4m1!3e0?hl=es",2026-10-01,"Google Maps, modo carro, primera ruta sugerida (más rápida con tráfico habitual); km mostrados (1 decimal <100 km, entero ≥100 km)"
D17001,C11,Manizales,Guacarí,212.746,212.0,banda_160_230,"https://www.google.com/maps/dir/5.057657,-75.491025/3.761815,-76.330911/data=!4m2!4m1!3e0?hl=es",2026-10-01,"Google Maps, modo carro, primera ruta sugerida (más rápida con tráfico habitual); km mostrados (1 decimal <100 km, entero ≥100 km)"
D17001,C12,Manizales,Ginebra,224.459,224.0,banda_160_230,"https://www.google.com/maps/dir/5.057657,-75.491025/3.724181,-76.268068/data=!4m2!4m1!3e0?hl=es",2026-10-01,"Google Maps, modo carro, primera ruta sugerida (más rápida con tráfico habitual); km mostrados (1 decimal <100 km, entero ≥100 km)"
D17001,C17,Manizales,La Dorada,213.843,166.0,banda_160_230,"https://www.google.com/maps/dir/5.057657,-75.491025/5.460834,-74.668819/data=!4m2!4m1!3e0?hl=es",2026-10-01,"Google Maps, modo carro, primera ruta sugerida (más rápida con tráfico habitual); km mostrados (1 decimal <100 km, entero ≥100 km)"
D66682,C01,Santa Rosa de Cabal,Palmira,202.653,210.0,banda_160_230,"https://www.google.com/maps/dir/4.876271,-75.623268/3.531544,-76.298846/data=!4m2!4m1!3e0?hl=es",2026-10-01,"Google Maps, modo carro, primera ruta sugerida (más rápida con tráfico habitual); km mostrados (1 decimal <100 km, entero ≥100 km)"
D66682,C06,Santa Rosa de Cabal,Candelaria,216.187,218.0,banda_160_230,"https://www.google.com/maps/dir/4.876271,-75.623268/3.408354,-76.346519/data=!4m2!4m1!3e0?hl=es",2026-10-01,"Google Maps, modo carro, primera ruta sugerida (más rápida con tráfico habitual); km mostrados (1 decimal <100 km, entero ≥100 km)"
D66682,C07,Santa Rosa de Cabal,Yumbo,212.798,215.0,banda_160_230,"https://www.google.com/maps/dir/4.876271,-75.623268/3.540097,-76.499893/data=!4m2!4m1!3e0?hl=es",2026-10-01,"Google Maps, modo carro, primera ruta sugerida (más rápida con tráfico habitual); km mostrados (1 decimal <100 km, entero ≥100 km)"
D66682,C09,Santa Rosa de Cabal,El Cerrito,182.441,185.0,banda_160_230,"https://www.google.com/maps/dir/4.876271,-75.623268/3.684229,-76.311972/data=!4m2!4m1!3e0?hl=es",2026-10-01,"Google Maps, modo carro, primera ruta sugerida (más rápida con tráfico habitual); km mostrados (1 decimal <100 km, entero ≥100 km)"
D66682,C10,Santa Rosa de Cabal,Pradera,220.391,222.0,banda_160_230,"https://www.google.com/maps/dir/4.876271,-75.623268/3.419793,-76.241799/data=!4m2!4m1!3e0?hl=es",2026-10-01,"Google Maps, modo carro, primera ruta sugerida (más rápida con tráfico habitual); km mostrados (1 decimal <100 km, entero ≥100 km)"
D66682,C11,Santa Rosa de Cabal,Guacarí,173.415,175.0,banda_160_230,"https://www.google.com/maps/dir/4.876271,-75.623268/3.761815,-76.330911/data=!4m2!4m1!3e0?hl=es",2026-10-01,"Google Maps, modo carro, primera ruta sugerida (más rápida con tráfico habitual); km mostrados (1 decimal <100 km, entero ≥100 km)"
D66682,C12,Santa Rosa de Cabal,Ginebra,185.128,187.0,banda_160_230,"https://www.google.com/maps/dir/4.876271,-75.623268/3.724181,-76.268068/data=!4m2!4m1!3e0?hl=es",2026-10-01,"Google Maps, modo carro, primera ruta sugerida (más rápida con tráfico habitual); km mostrados (1 decimal <100 km, entero ≥100 km)"
D66682,C16,Santa Rosa de Cabal,Pensilvania,172.493,173.0,banda_160_230,"https://www.google.com/maps/dir/4.876271,-75.623268/5.383281,-75.160299/data=!4m2!4m1!3e0?hl=es",2026-10-01,"Google Maps, modo carro, primera ruta sugerida (más rápida con tráfico habitual); km mostrados (1 decimal <100 km, entero ≥100 km)"
D63594,C01,Quimbaya,Palmira,187.368,194.0,banda_160_230,"https://www.google.com/maps/dir/4.624387,-75.765074/3.531544,-76.298846/data=!4m2!4m1!3e0?hl=es",2026-10-01,"Google Maps, modo carro, primera ruta sugerida (más rápida con tráfico habitual); km mostrados (1 decimal <100 km, entero ≥100 km)"
D63594,C03,Quimbaya,Jamundí,228.183,229.0,banda_160_230,"https://www.google.com/maps/dir/4.624387,-75.765074/3.258751,-76.538472/data=!4m2!4m1!3e0?hl=es",2026-10-01,"Google Maps, modo carro, primera ruta sugerida (más rápida con tráfico habitual); km mostrados (1 decimal <100 km, entero ≥100 km)"
D63594,C06,Quimbaya,Candelaria,200.902,202.0,banda_160_230,"https://www.google.com/maps/dir/4.624387,-75.765074/3.408354,-76.346519/data=!4m2!4m1!3e0?hl=es",2026-10-01,"Google Maps, modo carro, primera ruta sugerida (más rápida con tráfico habitual); km mostrados (1 decimal <100 km, entero ≥100 km)"
D63594,C07,Quimbaya,Yumbo,197.513,199.0,banda_160_230,"https://www.google.com/maps/dir/4.624387,-75.765074/3.540097,-76.499893/data=!4m2!4m1!3e0?hl=es",2026-10-01,"Google Maps, modo carro, primera ruta sugerida (más rápida con tráfico habitual); km mostrados (1 decimal <100 km, entero ≥100 km)"
D63594,C08,Quimbaya,Florida,219.029,221.0,banda_160_230,"https://www.google.com/maps/dir/4.624387,-75.765074/3.324118,-76.234199/data=!4m2!4m1!3e0?hl=es",2026-10-01,"Google Maps, modo carro, primera ruta sugerida (más rápida con tráfico habitual); km mostrados (1 decimal <100 km, entero ≥100 km)"
D63594,C09,Quimbaya,El Cerrito,167.156,169.0,banda_160_230,"https://www.google.com/maps/dir/4.624387,-75.765074/3.684229,-76.311972/data=!4m2!4m1!3e0?hl=es",2026-10-01,"Google Maps, modo carro, primera ruta sugerida (más rápida con tráfico habitual); km mostrados (1 decimal <100 km, entero ≥100 km)"
D63594,C10,Quimbaya,Pradera,205.107,205.0,banda_160_230,"https://www.google.com/maps/dir/4.624387,-75.765074/3.419793,-76.241799/data=!4m2!4m1!3e0?hl=es",2026-10-01,"Google Maps, modo carro, primera ruta sugerida (más rápida con tráfico habitual); km mostrados (1 decimal <100 km, entero ≥100 km)"
D63594,C12,Quimbaya,Ginebra,169.844,170.0,banda_160_230,"https://www.google.com/maps/dir/4.624387,-75.765074/3.724181,-76.268068/data=!4m2!4m1!3e0?hl=es",2026-10-01,"Google Maps, modo carro, primera ruta sugerida (más rápida con tráfico habitual); km mostrados (1 decimal <100 km, entero ≥100 km)"
D63594,C15,Quimbaya,Aguadas,209.009,218.0,banda_160_230,"https://www.google.com/maps/dir/4.624387,-75.765074/5.610244,-75.454870/data=!4m2!4m1!3e0?hl=es",2026-10-01,"Google Maps, modo carro, primera ruta sugerida (más rápida con tráfico habitual); km mostrados (1 decimal <100 km, entero ≥100 km)"
D63594,C16,Quimbaya,Pensilvania,223.704,242.0,banda_160_230,"https://www.google.com/maps/dir/4.624387,-75.765074/5.383281,-75.160299/data=!4m2!4m1!3e0?hl=es",2026-10-01,"Google Maps, modo carro, primera ruta sugerida (más rápida con tráfico habitual); km mostrados (1 decimal <100 km, entero ≥100 km)"
D76233,C04,Dagua,Cartago,183.143,184.0,banda_160_230,"https://www.google.com/maps/dir/3.657318,-76.688860/4.742192,-75.924374/data=!4m2!4m1!3e0?hl=es",2026-10-01,"Google Maps, modo carro, primera ruta sugerida (más rápida con tráfico habitual); km mostrados (1 decimal <100 km, entero ≥100 km)"
D76233,R01,Dagua,La Tebaida,166.514,167.0,banda_160_230,"https://www.google.com/maps/dir/3.657318,-76.688860/4.453755,-75.786887/data=!4m2!4m1!3e0?hl=es",2026-10-01,"Google Maps, modo carro, primera ruta sugerida (más rápida con tráfico habitual); km mostrados (1 decimal <100 km, entero ≥100 km)"
D63470,C01,Montenegro,Palmira,162.183,168.0,banda_160_230,"https://www.google.com/maps/dir/4.565057,-75.749827/3.531544,-76.298846/data=!4m2!4m1!3e0?hl=es",2026-10-01,"Google Maps, modo carro, primera ruta sugerida (más rápida con tráfico habitual); km mostrados (1 decimal <100 km, entero ≥100 km)"
D63470,C03,Montenegro,Jamundí,202.997,203.0,banda_160_230,"https://www.google.com/maps/dir/4.565057,-75.749827/3.258751,-76.538472/data=!4m2!4m1!3e0?hl=es",2026-10-01,"Google Maps, modo carro, primera ruta sugerida (más rápida con tráfico habitual); km mostrados (1 decimal <100 km, entero ≥100 km)"
D63470,C06,Montenegro,Candelaria,175.717,176.0,banda_160_230,"https://www.google.com/maps/dir/4.565057,-75.749827/3.408354,-76.346519/data=!4m2!4m1!3e0?hl=es",2026-10-01,"Google Maps, modo carro, primera ruta sugerida (más rápida con tráfico habitual); km mostrados (1 decimal <100 km, entero ≥100 km)"
D63470,C07,Montenegro,Yumbo,172.327,173.0,banda_160_230,"https://www.google.com/maps/dir/4.565057,-75.749827/3.540097,-76.499893/data=!4m2!4m1!3e0?hl=es",2026-10-01,"Google Maps, modo carro, primera ruta sugerida (más rápida con tráfico habitual); km mostrados (1 decimal <100 km, entero ≥100 km)"
D63470,C08,Montenegro,Florida,193.843,195.0,banda_160_230,"https://www.google.com/maps/dir/4.565057,-75.749827/3.324118,-76.234199/data=!4m2!4m1!3e0?hl=es",2026-10-01,"Google Maps, modo carro, primera ruta sugerida (más rápida con tráfico habitual); km mostrados (1 decimal <100 km, entero ≥100 km)"
D63470,C10,Montenegro,Pradera,179.921,180.0,banda_160_230,"https://www.google.com/maps/dir/4.565057,-75.749827/3.419793,-76.241799/data=!4m2!4m1!3e0?hl=es",2026-10-01,"Google Maps, modo carro, primera ruta sugerida (más rápida con tráfico habitual); km mostrados (1 decimal <100 km, entero ≥100 km)"
D63470,C15,Montenegro,Aguadas,218.842,224.0,banda_160_230,"https://www.google.com/maps/dir/4.565057,-75.749827/5.610244,-75.454870/data=!4m2!4m1!3e0?hl=es",2026-10-01,"Google Maps, modo carro, primera ruta sugerida (más rápida con tráfico habitual); km mostrados (1 decimal <100 km, entero ≥100 km)"
D76622,C14,Roldanillo,Supía,170.511,162.0,banda_160_230,"https://www.google.com/maps/dir/4.413601,-76.152277/5.446843,-75.649660/data=!4m2!4m1!3e0?hl=es",2026-10-01,"Google Maps, modo carro, primera ruta sugerida (más rápida con tráfico habitual); km mostrados (1 decimal <100 km, entero ≥100 km)"
D76890,C13,Yotoco,Chinchiná,182.047,185.0,banda_160_230,"https://www.google.com/maps/dir/3.861241,-76.382698/4.985227,-75.607529/data=!4m2!4m1!3e0?hl=es",2026-10-01,"Google Maps, modo carro, primera ruta sugerida (más rápida con tráfico habitual); km mostrados (1 decimal <100 km, entero ≥100 km)"
D76828,C13,Trujillo,Chinchiná,168.627,171.0,banda_160_230,"https://www.google.com/maps/dir/4.212037,-76.318818/4.985227,-75.607529/data=!4m2!4m1!3e0?hl=es",2026-10-01,"Google Maps, modo carro, primera ruta sugerida (más rápida con tráfico habitual); km mostrados (1 decimal <100 km, entero ≥100 km)"
D76828,C14,Trujillo,Supía,224.712,211.0,banda_160_230,"https://www.google.com/maps/dir/4.212037,-76.318818/5.446843,-75.649660/data=!4m2!4m1!3e0?hl=es",2026-10-01,"Google Maps, modo carro, primera ruta sugerida (más rápida con tráfico habitual); km mostrados (1 decimal <100 km, entero ≥100 km)"
D76054,C01,Argelia,Palmira,197.845,204.0,banda_160_230,"https://www.google.com/maps/dir/4.726945,-76.119905/3.531544,-76.298846/data=!4m2!4m1!3e0?hl=es",2026-10-01,"Google Maps, modo carro, primera ruta sugerida (más rápida con tráfico habitual); km mostrados (1 decimal <100 km, entero ≥100 km)"
D76054,C06,Argelia,Candelaria,211.379,212.0,banda_160_230,"https://www.google.com/maps/dir/4.726945,-76.119905/3.408354,-76.346519/data=!4m2!4m1!3e0?hl=es",2026-10-01,"Google Maps, modo carro, primera ruta sugerida (más rápida con tráfico habitual); km mostrados (1 decimal <100 km, entero ≥100 km)"
D76054,C07,Argelia,Yumbo,207.99,209.0,banda_160_230,"https://www.google.com/maps/dir/4.726945,-76.119905/3.540097,-76.499893/data=!4m2!4m1!3e0?hl=es",2026-10-01,"Google Maps, modo carro, primera ruta sugerida (más rápida con tráfico habitual); km mostrados (1 decimal <100 km, entero ≥100 km)"
D76054,C08,Argelia,Florida,229.505,231.0,banda_160_230,"https://www.google.com/maps/dir/4.726945,-76.119905/3.324118,-76.234199/data=!4m2!4m1!3e0?hl=es",2026-10-01,"Google Maps, modo carro, primera ruta sugerida (más rápida con tráfico habitual); km mostrados (1 decimal <100 km, entero ≥100 km)"
D76054,C09,Argelia,El Cerrito,177.633,180.0,banda_160_230,"https://www.google.com/maps/dir/4.726945,-76.119905/3.684229,-76.311972/data=!4m2!4m1!3e0?hl=es",2026-10-01,"Google Maps, modo carro, primera ruta sugerida (más rápida con tráfico habitual); km mostrados (1 decimal <100 km, entero ≥100 km)"
D76054,C10,Argelia,Pradera,215.583,216.0,banda_160_230,"https://www.google.com/maps/dir/4.726945,-76.119905/3.419793,-76.241799/data=!4m2!4m1!3e0?hl=es",2026-10-01,"Google Maps, modo carro, primera ruta sugerida (más rápida con tráfico habitual); km mostrados (1 decimal <100 km, entero ≥100 km)"
D76054,C11,Argelia,Guacarí,168.607,169.0,banda_160_230,"https://www.google.com/maps/dir/4.726945,-76.119905/3.761815,-76.330911/data=!4m2!4m1!3e0?hl=es",2026-10-01,"Google Maps, modo carro, primera ruta sugerida (más rápida con tráfico habitual); km mostrados (1 decimal <100 km, entero ≥100 km)"
D76054,C12,Argelia,Ginebra,180.32,181.0,banda_160_230,"https://www.google.com/maps/dir/4.726945,-76.119905/3.724181,-76.268068/data=!4m2!4m1!3e0?hl=es",2026-10-01,"Google Maps, modo carro, primera ruta sugerida (más rápida con tráfico habitual); km mostrados (1 decimal <100 km, entero ≥100 km)"
D76054,C15,Argelia,Aguadas,203.913,217.0,banda_160_230,"https://www.google.com/maps/dir/4.726945,-76.119905/5.610244,-75.454870/data=!4m2!4m1!3e0?hl=es",2026-10-01,"Google Maps, modo carro, primera ruta sugerida (más rápida con tráfico habitual); km mostrados (1 decimal <100 km, entero ≥100 km)"
D17873,C02,Villamaría,Tuluá,171.55,172.0,banda_160_230,"https://www.google.com/maps/dir/5.038925,-75.502487/4.085399,-76.197731/data=!4m2!4m1!3e0?hl=es",2026-10-01,"Google Maps, modo carro, primera ruta sugerida (más rápida con tráfico habitual); km mostrados (1 decimal <100 km, entero ≥100 km)"
D17873,C05,Villamaría,Guadalajara de Buga,196.278,197.0,banda_160_230,"https://www.google.com/maps/dir/5.038925,-75.502487/3.900736,-76.298979/data=!4m2!4m1!3e0?hl=es",2026-10-01,"Google Maps, modo carro, primera ruta sugerida (más rápida con tráfico habitual); km mostrados (1 decimal <100 km, entero ≥100 km)"
D17873,C09,Villamaría,El Cerrito,222.751,254.0,banda_160_230,"https://www.google.com/maps/dir/5.038925,-75.502487/3.684229,-76.311972/data=!4m2!4m1!3e0?hl=es",2026-10-01,"Google Maps, modo carro, primera ruta sugerida (más rápida con tráfico habitual); km mostrados (1 decimal <100 km, entero ≥100 km)"
D17873,C11,Villamaría,Guacarí,213.725,214.0,banda_160_230,"https://www.google.com/maps/dir/5.038925,-75.502487/3.761815,-76.330911/data=!4m2!4m1!3e0?hl=es",2026-10-01,"Google Maps, modo carro, primera ruta sugerida (más rápida con tráfico habitual); km mostrados (1 decimal <100 km, entero ≥100 km)"
D17873,C12,Villamaría,Ginebra,225.438,226.0,banda_160_230,"https://www.google.com/maps/dir/5.038925,-75.502487/3.724181,-76.268068/data=!4m2!4m1!3e0?hl=es",2026-10-01,"Google Maps, modo carro, primera ruta sugerida (más rápida con tráfico habitual); km mostrados (1 decimal <100 km, entero ≥100 km)"
D17873,C17,Villamaría,La Dorada,212.943,165.0,banda_160_230,"https://www.google.com/maps/dir/5.038925,-75.502487/5.460834,-74.668819/data=!4m2!4m1!3e0?hl=es",2026-10-01,"Google Maps, modo carro, primera ruta sugerida (más rápida con tráfico habitual); km mostrados (1 decimal <100 km, entero ≥100 km)"
D76400,C03,La Unión,Jamundí,178.307,180.0,banda_160_230,"https://www.google.com/maps/dir/4.533869,-76.099661/3.258751,-76.538472/data=!4m2!4m1!3e0?hl=es",2026-10-01,"Google Maps, modo carro, primera ruta sugerida (más rápida con tráfico habitual); km mostrados (1 decimal <100 km, entero ≥100 km)"
D76400,C08,La Unión,Florida,169.154,172.0,banda_160_230,"https://www.google.com/maps/dir/4.533869,-76.099661/3.324118,-76.234199/data=!4m2!4m1!3e0?hl=es",2026-10-01,"Google Maps, modo carro, primera ruta sugerida (más rápida con tráfico habitual); km mostrados (1 decimal <100 km, entero ≥100 km)"
D76400,C15,La Unión,Aguadas,219.522,224.0,banda_160_230,"https://www.google.com/maps/dir/4.533869,-76.099661/5.610244,-75.454870/data=!4m2!4m1!3e0?hl=es",2026-10-01,"Google Maps, modo carro, primera ruta sugerida (más rápida con tráfico habitual); km mostrados (1 decimal <100 km, entero ≥100 km)"
D76823,C03,Toro,Jamundí,186.706,188.0,banda_160_230,"https://www.google.com/maps/dir/4.608085,-76.076859/3.258751,-76.538472/data=!4m2!4m1!3e0?hl=es",2026-10-01,"Google Maps, modo carro, primera ruta sugerida (más rápida con tráfico habitual); km mostrados (1 decimal <100 km, entero ≥100 km)"
D76823,C08,Toro,Florida,177.552,180.0,banda_160_230,"https://www.google.com/maps/dir/4.608085,-76.076859/3.324118,-76.234199/data=!4m2!4m1!3e0?hl=es",2026-10-01,"Google Maps, modo carro, primera ruta sugerida (más rápida con tráfico habitual); km mostrados (1 decimal <100 km, entero ≥100 km)"
D76823,C10,Toro,Pradera,163.63,165.0,banda_160_230,"https://www.google.com/maps/dir/4.608085,-76.076859/3.419793,-76.241799/data=!4m2!4m1!3e0?hl=es",2026-10-01,"Google Maps, modo carro, primera ruta sugerida (más rápida con tráfico habitual); km mostrados (1 decimal <100 km, entero ≥100 km)"
D76823,C15,Toro,Aguadas,201.511,216.0,banda_160_230,"https://www.google.com/maps/dir/4.608085,-76.076859/5.610244,-75.454870/data=!4m2!4m1!3e0?hl=es",2026-10-01,"Google Maps, modo carro, primera ruta sugerida (más rápida con tráfico habitual); km mostrados (1 decimal <100 km, entero ≥100 km)"
D76606,C13,Restrepo,Chinchiná,204.478,207.0,banda_160_230,"https://www.google.com/maps/dir/3.821351,-76.523329/4.985227,-75.607529/data=!4m2!4m1!3e0?hl=es",2026-10-01,"Google Maps, modo carro, primera ruta sugerida (más rápida con tráfico habitual); km mostrados (1 decimal <100 km, entero ≥100 km)"
D76895,C14,Zarzal,Supía,160.954,161.0,banda_160_230,"https://www.google.com/maps/dir/4.392658,-76.070795/5.446843,-75.649660/data=!4m2!4m1!3e0?hl=es",2026-10-01,"Google Maps, modo carro, primera ruta sugerida (más rápida con tráfico habitual); km mostrados (1 decimal <100 km, entero ≥100 km)"
D76895,C15,Zarzal,Aguadas,225.921,238.0,banda_160_230,"https://www.google.com/maps/dir/4.392658,-76.070795/5.610244,-75.454870/data=!4m2!4m1!3e0?hl=es",2026-10-01,"Google Maps, modo carro, primera ruta sugerida (más rápida con tráfico habitual); km mostrados (1 decimal <100 km, entero ≥100 km)"
D76736,C03,Sevilla,Jamundí,166.681,167.0,banda_160_230,"https://www.google.com/maps/dir/4.270714,-75.931629/3.258751,-76.538472/data=!4m2!4m1!3e0?hl=es",2026-10-01,"Google Maps, modo carro, primera ruta sugerida (más rápida con tráfico habitual); km mostrados (1 decimal <100 km, entero ≥100 km)"
D76736,C14,Sevilla,Supía,196.322,208.0,banda_160_230,"https://www.google.com/maps/dir/4.270714,-75.931629/5.446843,-75.649660/data=!4m2!4m1!3e0?hl=es",2026-10-01,"Google Maps, modo carro, primera ruta sugerida (más rápida con tráfico habitual); km mostrados (1 decimal <100 km, entero ≥100 km)"
D76246,C01,El Cairo,Palmira,226.666,233.0,banda_160_230,"https://www.google.com/maps/dir/4.760874,-76.221611/3.531544,-76.298846/data=!4m2!4m1!3e0?hl=es",2026-10-01,"Google Maps, modo carro, primera ruta sugerida (más rápida con tráfico habitual); km mostrados (1 decimal <100 km, entero ≥100 km)"
D76246,C05,El Cairo,Guadalajara de Buga,179.981,181.0,banda_160_230,"https://www.google.com/maps/dir/4.760874,-76.221611/3.900736,-76.298979/data=!4m2!4m1!3e0?hl=es",2026-10-01,"Google Maps, modo carro, primera ruta sugerida (más rápida con tráfico habitual); km mostrados (1 decimal <100 km, entero ≥100 km)"
D76246,C09,El Cairo,El Cerrito,206.454,208.0,banda_160_230,"https://www.google.com/maps/dir/4.760874,-76.221611/3.684229,-76.311972/data=!4m2!4m1!3e0?hl=es",2026-10-01,"Google Maps, modo carro, primera ruta sugerida (más rápida con tráfico habitual); km mostrados (1 decimal <100 km, entero ≥100 km)"
D76246,C11,El Cairo,Guacarí,197.429,204.0,banda_160_230,"https://www.google.com/maps/dir/4.760874,-76.221611/3.761815,-76.330911/data=!4m2!4m1!3e0?hl=es",2026-10-01,"Google Maps, modo carro, primera ruta sugerida (más rápida con tráfico habitual); km mostrados (1 decimal <100 km, entero ≥100 km)"
D76246,C12,El Cairo,Ginebra,209.142,210.0,banda_160_230,"https://www.google.com/maps/dir/4.760874,-76.221611/3.724181,-76.268068/data=!4m2!4m1!3e0?hl=es",2026-10-01,"Google Maps, modo carro, primera ruta sugerida (más rápida con tráfico habitual); km mostrados (1 decimal <100 km, entero ≥100 km)"
D76246,C14,El Cairo,Supía,167.768,169.0,banda_160_230,"https://www.google.com/maps/dir/4.760874,-76.221611/5.446843,-75.649660/data=!4m2!4m1!3e0?hl=es",2026-10-01,"Google Maps, modo carro, primera ruta sugerida (más rápida con tráfico habitual); km mostrados (1 decimal <100 km, entero ≥100 km)"
D76041,C01,Ansermanuevo,Palmira,171.725,178.0,banda_160_230,"https://www.google.com/maps/dir/4.794984,-75.992003/3.531544,-76.298846/data=!4m2!4m1!3e0?hl=es",2026-10-01,"Google Maps, modo carro, primera ruta sugerida (más rápida con tráfico habitual); km mostrados (1 decimal <100 km, entero ≥100 km)"
D76041,C03,Ansermanuevo,Jamundí,212.539,213.0,banda_160_230,"https://www.google.com/maps/dir/4.794984,-75.992003/3.258751,-76.538472/data=!4m2!4m1!3e0?hl=es",2026-10-01,"Google Maps, modo carro, primera ruta sugerida (más rápida con tráfico habitual); km mostrados (1 decimal <100 km, entero ≥100 km)"
D76041,C06,Ansermanuevo,Candelaria,185.259,186.0,banda_160_230,"https://www.google.com/maps/dir/4.794984,-75.992003/3.408354,-76.346519/data=!4m2!4m1!3e0?hl=es",2026-10-01,"Google Maps, modo carro, primera ruta sugerida (más rápida con tráfico habitual); km mostrados (1 decimal <100 km, entero ≥100 km)"
D76041,C07,Ansermanuevo,Yumbo,181.87,183.0,banda_160_230,"https://www.google.com/maps/dir/4.794984,-75.992003/3.540097,-76.499893/data=!4m2!4m1!3e0?hl=es",2026-10-01,"Google Maps, modo carro, primera ruta sugerida (más rápida con tráfico habitual); km mostrados (1 decimal <100 km, entero ≥100 km)"
D76041,C08,Ansermanuevo,Florida,203.385,205.0,banda_160_230,"https://www.google.com/maps/dir/4.794984,-75.992003/3.324118,-76.234199/data=!4m2!4m1!3e0?hl=es",2026-10-01,"Google Maps, modo carro, primera ruta sugerida (más rápida con tráfico habitual); km mostrados (1 decimal <100 km, entero ≥100 km)"
D76041,C10,Ansermanuevo,Pradera,189.463,190.0,banda_160_230,"https://www.google.com/maps/dir/4.794984,-75.992003/3.419793,-76.241799/data=!4m2!4m1!3e0?hl=es",2026-10-01,"Google Maps, modo carro, primera ruta sugerida (más rápida con tráfico habitual); km mostrados (1 decimal <100 km, entero ≥100 km)"
D76041,C15,Ansermanuevo,Aguadas,177.793,190.0,banda_160_230,"https://www.google.com/maps/dir/4.794984,-75.992003/5.610244,-75.454870/data=!4m2!4m1!3e0?hl=es",2026-10-01,"Google Maps, modo carro, primera ruta sugerida (más rápida con tráfico habitual); km mostrados (1 decimal <100 km, entero ≥100 km)"
D76377,C04,La Cumbre,Cartago,176.67,187.0,banda_160_230,"https://www.google.com/maps/dir/3.649268,-76.568050/4.742192,-75.924374/data=!4m2!4m1!3e0?hl=es",2026-10-01,"Google Maps, modo carro, primera ruta sugerida (más rápida con tráfico habitual); km mostrados (1 decimal <100 km, entero ≥100 km)"
D76377,R01,La Cumbre,La Tebaida,160.04,170.0,banda_160_230,"https://www.google.com/maps/dir/3.649268,-76.568050/4.453755,-75.786887/data=!4m2!4m1!3e0?hl=es",2026-10-01,"Google Maps, modo carro, primera ruta sugerida (más rápida con tráfico habitual); km mostrados (1 decimal <100 km, entero ≥100 km)"
D66400,C01,La Virginia,Palmira,184.354,191.0,banda_160_230,"https://www.google.com/maps/dir/4.896624,-75.880394/3.531544,-76.298846/data=!4m2!4m1!3e0?hl=es",2026-10-01,"Google Maps, modo carro, primera ruta sugerida (más rápida con tráfico habitual); km mostrados (1 decimal <100 km, entero ≥100 km)"
D66400,C03,La Virginia,Jamundí,225.168,226.0,banda_160_230,"https://www.google.com/maps/dir/4.896624,-75.880394/3.258751,-76.538472/data=!4m2!4m1!3e0?hl=es",2026-10-01,"Google Maps, modo carro, primera ruta sugerida (más rápida con tráfico habitual); km mostrados (1 decimal <100 km, entero ≥100 km)"
D66400,C06,La Virginia,Candelaria,197.888,198.0,banda_160_230,"https://www.google.com/maps/dir/4.896624,-75.880394/3.408354,-76.346519/data=!4m2!4m1!3e0?hl=es",2026-10-01,"Google Maps, modo carro, primera ruta sugerida (más rápida con tráfico habitual); km mostrados (1 decimal <100 km, entero ≥100 km)"
D66400,C07,La Virginia,Yumbo,194.499,195.0,banda_160_230,"https://www.google.com/maps/dir/4.896624,-75.880394/3.540097,-76.499893/data=!4m2!4m1!3e0?hl=es",2026-10-01,"Google Maps, modo carro, primera ruta sugerida (más rápida con tráfico habitual); km mostrados (1 decimal <100 km, entero ≥100 km)"
D66400,C08,La Virginia,Florida,216.015,217.0,banda_160_230,"https://www.google.com/maps/dir/4.896624,-75.880394/3.324118,-76.234199/data=!4m2!4m1!3e0?hl=es",2026-10-01,"Google Maps, modo carro, primera ruta sugerida (más rápida con tráfico habitual); km mostrados (1 decimal <100 km, entero ≥100 km)"
D66400,C09,La Virginia,El Cerrito,164.142,166.0,banda_160_230,"https://www.google.com/maps/dir/4.896624,-75.880394/3.684229,-76.311972/data=!4m2!4m1!3e0?hl=es",2026-10-01,"Google Maps, modo carro, primera ruta sugerida (más rápida con tráfico habitual); km mostrados (1 decimal <100 km, entero ≥100 km)"
D66400,C10,La Virginia,Pradera,202.093,202.0,banda_160_230,"https://www.google.com/maps/dir/4.896624,-75.880394/3.419793,-76.241799/data=!4m2!4m1!3e0?hl=es",2026-10-01,"Google Maps, modo carro, primera ruta sugerida (más rápida con tráfico habitual); km mostrados (1 decimal <100 km, entero ≥100 km)"
D66400,C12,La Virginia,Ginebra,166.829,167.0,banda_160_230,"https://www.google.com/maps/dir/4.896624,-75.880394/3.724181,-76.268068/data=!4m2!4m1!3e0?hl=es",2026-10-01,"Google Maps, modo carro, primera ruta sugerida (más rápida con tráfico habitual); km mostrados (1 decimal <100 km, entero ≥100 km)"
D76113,C14,Bugalagrande,Supía,184.994,186.0,banda_160_230,"https://www.google.com/maps/dir/4.208358,-76.156820/5.446843,-75.649660/data=!4m2!4m1!3e0?hl=es",2026-10-01,"Google Maps, modo carro, primera ruta sugerida (más rápida con tráfico habitual); km mostrados (1 decimal <100 km, entero ≥100 km)"
D76616,C14,Riofrío,Supía,215.143,202.0,banda_160_230,"https://www.google.com/maps/dir/4.156908,-76.288313/5.446843,-75.649660/data=!4m2!4m1!3e0?hl=es",2026-10-01,"Google Maps, modo carro, primera ruta sugerida (más rápida con tráfico habitual); km mostrados (1 decimal <100 km, entero ≥100 km)"
D76122,C03,Caicedonia,Jamundí,185.626,186.0,banda_160_230,"https://www.google.com/maps/dir/4.334808,-75.830594/3.258751,-76.538472/data=!4m2!4m1!3e0?hl=es",2026-10-01,"Google Maps, modo carro, primera ruta sugerida (más rápida con tráfico habitual); km mostrados (1 decimal <100 km, entero ≥100 km)"
D76122,C08,Caicedonia,Florida,176.472,178.0,banda_160_230,"https://www.google.com/maps/dir/4.334808,-75.830594/3.324118,-76.234199/data=!4m2!4m1!3e0?hl=es",2026-10-01,"Google Maps, modo carro, primera ruta sugerida (más rápida con tráfico habitual); km mostrados (1 decimal <100 km, entero ≥100 km)"
D76122,C10,Caicedonia,Pradera,162.55,162.0,banda_160_230,"https://www.google.com/maps/dir/4.334808,-75.830594/3.419793,-76.241799/data=!4m2!4m1!3e0?hl=es",2026-10-01,"Google Maps, modo carro, primera ruta sugerida (más rápida con tráfico habitual); km mostrados (1 decimal <100 km, entero ≥100 km)"
D76122,C14,Caicedonia,Supía,206.101,178.0,banda_160_230,"https://www.google.com/maps/dir/4.334808,-75.830594/5.446843,-75.649660/data=!4m2!4m1!3e0?hl=es",2026-10-01,"Google Maps, modo carro, primera ruta sugerida (más rápida con tráfico habitual); km mostrados (1 decimal <100 km, entero ≥100 km)"
D63190,C01,Circasia,Palmira,175.913,178.0,banda_160_230,"https://www.google.com/maps/dir/4.617759,-75.636533/3.531544,-76.298846/data=!4m2!4m1!3e0?hl=es",2026-10-01,"Google Maps, modo carro, primera ruta sugerida (más rápida con tráfico habitual); km mostrados (1 decimal <100 km, entero ≥100 km)"
D63190,C03,Circasia,Jamundí,216.728,214.0,banda_160_230,"https://www.google.com/maps/dir/4.617759,-75.636533/3.258751,-76.538472/data=!4m2!4m1!3e0?hl=es",2026-10-01,"Google Maps, modo carro, primera ruta sugerida (más rápida con tráfico habitual); km mostrados (1 decimal <100 km, entero ≥100 km)"
D63190,C06,Circasia,Candelaria,189.448,186.0,banda_160_230,"https://www.google.com/maps/dir/4.617759,-75.636533/3.408354,-76.346519/data=!4m2!4m1!3e0?hl=es",2026-10-01,"Google Maps, modo carro, primera ruta sugerida (más rápida con tráfico habitual); km mostrados (1 decimal <100 km, entero ≥100 km)"
D63190,C07,Circasia,Yumbo,186.058,183.0,banda_160_230,"https://www.google.com/maps/dir/4.617759,-75.636533/3.540097,-76.499893/data=!4m2!4m1!3e0?hl=es",2026-10-01,"Google Maps, modo carro, primera ruta sugerida (más rápida con tráfico habitual); km mostrados (1 decimal <100 km, entero ≥100 km)"
D63190,C08,Circasia,Florida,207.574,205.0,banda_160_230,"https://www.google.com/maps/dir/4.617759,-75.636533/3.324118,-76.234199/data=!4m2!4m1!3e0?hl=es",2026-10-01,"Google Maps, modo carro, primera ruta sugerida (más rápida con tráfico habitual); km mostrados (1 decimal <100 km, entero ≥100 km)"
D63190,C10,Circasia,Pradera,193.652,190.0,banda_160_230,"https://www.google.com/maps/dir/4.617759,-75.636533/3.419793,-76.241799/data=!4m2!4m1!3e0?hl=es",2026-10-01,"Google Maps, modo carro, primera ruta sugerida (más rápida con tráfico habitual); km mostrados (1 decimal <100 km, entero ≥100 km)"
D63190,C15,Circasia,Aguadas,204.505,209.0,banda_160_230,"https://www.google.com/maps/dir/4.617759,-75.636533/5.610244,-75.454870/data=!4m2!4m1!3e0?hl=es",2026-10-01,"Google Maps, modo carro, primera ruta sugerida (más rápida con tráfico habitual); km mostrados (1 decimal <100 km, entero ≥100 km)"
D63130,C01,Calarcá,Palmira,168.573,173.0,banda_160_230,"https://www.google.com/maps/dir/4.520982,-75.646085/3.531544,-76.298846/data=!4m2!4m1!3e0?hl=es",2026-10-01,"Google Maps, modo carro, primera ruta sugerida (más rápida con tráfico habitual); km mostrados (1 decimal <100 km, entero ≥100 km)"
D63130,C03,Calarcá,Jamundí,209.388,208.0,banda_160_230,"https://www.google.com/maps/dir/4.520982,-75.646085/3.258751,-76.538472/data=!4m2!4m1!3e0?hl=es",2026-10-01,"Google Maps, modo carro, primera ruta sugerida (más rápida con tráfico habitual); km mostrados (1 decimal <100 km, entero ≥100 km)"
D63130,C06,Calarcá,Candelaria,182.107,181.0,banda_160_230,"https://www.google.com/maps/dir/4.520982,-75.646085/3.408354,-76.346519/data=!4m2!4m1!3e0?hl=es",2026-10-01,"Google Maps, modo carro, primera ruta sugerida (más rápida con tráfico habitual); km mostrados (1 decimal <100 km, entero ≥100 km)"
D63130,C07,Calarcá,Yumbo,178.718,178.0,banda_160_230,"https://www.google.com/maps/dir/4.520982,-75.646085/3.540097,-76.499893/data=!4m2!4m1!3e0?hl=es",2026-10-01,"Google Maps, modo carro, primera ruta sugerida (más rápida con tráfico habitual); km mostrados (1 decimal <100 km, entero ≥100 km)"
D63130,C08,Calarcá,Florida,200.234,200.0,banda_160_230,"https://www.google.com/maps/dir/4.520982,-75.646085/3.324118,-76.234199/data=!4m2!4m1!3e0?hl=es",2026-10-01,"Google Maps, modo carro, primera ruta sugerida (más rápida con tráfico habitual); km mostrados (1 decimal <100 km, entero ≥100 km)"
D63130,C10,Calarcá,Pradera,186.312,184.0,banda_160_230,"https://www.google.com/maps/dir/4.520982,-75.646085/3.419793,-76.241799/data=!4m2!4m1!3e0?hl=es",2026-10-01,"Google Maps, modo carro, primera ruta sugerida (más rápida con tráfico habitual); km mostrados (1 decimal <100 km, entero ≥100 km)"
D63130,C15,Calarcá,Aguadas,216.178,220.0,banda_160_230,"https://www.google.com/maps/dir/4.520982,-75.646085/5.610244,-75.454870/data=!4m2!4m1!3e0?hl=es",2026-10-01,"Google Maps, modo carro, primera ruta sugerida (más rápida con tráfico habitual); km mostrados (1 decimal <100 km, entero ≥100 km)"
D63130,C17,Calarcá,La Dorada,237.644,238.0,ruta_montaña_>230km,"https://www.google.com/maps/dir/4.520982,-75.646085/5.460834,-74.668819/data=!4m2!4m1!3e0?hl=es",2026-10-01,"Google Maps, modo carro, primera ruta sugerida (más rápida con tráfico habitual); km mostrados (1 decimal <100 km, entero ≥100 km)"
D63001,C17,Armenia,La Dorada,243.284,244.0,ruta_montaña_>230km,"https://www.google.com/maps/dir/4.535980,-75.680786/5.460834,-74.668819/data=!4m2!4m1!3e0?hl=es",2026-10-01,"Google Maps, modo carro, primera ruta sugerida (más rápida con tráfico habitual); km mostrados (1 decimal <100 km, entero ≥100 km)"
D63190,C17,Circasia,La Dorada,248.305,249.0,ruta_montaña_>230km,"https://www.google.com/maps/dir/4.617759,-75.636533/5.460834,-74.668819/data=!4m2!4m1!3e0?hl=es",2026-10-01,"Google Maps, modo carro, primera ruta sugerida (más rápida con tráfico habitual); km mostrados (1 decimal <100 km, entero ≥100 km)"
D63470,C17,Montenegro,La Dorada,253.719,254.0,ruta_montaña_>230km,"https://www.google.com/maps/dir/4.565057,-75.749827/5.460834,-74.668819/data=!4m2!4m1!3e0?hl=es",2026-10-01,"Google Maps, modo carro, primera ruta sugerida (más rápida con tráfico habitual); km mostrados (1 decimal <100 km, entero ≥100 km)"
D66400,C16,La Virginia,Pensilvania,232.158,220.0,ruta_montaña_>230km,"https://www.google.com/maps/dir/4.896624,-75.880394/5.383281,-75.160299/data=!4m2!4m1!3e0?hl=es",2026-10-01,"Google Maps, modo carro, primera ruta sugerida (más rápida con tráfico habitual); km mostrados (1 decimal <100 km, entero ≥100 km)"
D76246,C15,El Cairo,Aguadas,232.735,246.0,ruta_montaña_>230km,"https://www.google.com/maps/dir/4.760874,-76.221611/5.610244,-75.454870/data=!4m2!4m1!3e0?hl=es",2026-10-01,"Google Maps, modo carro, primera ruta sugerida (más rápida con tráfico habitual); km mostrados (1 decimal <100 km, entero ≥100 km)"
D76622,C15,Roldanillo,Aguadas,235.479,240.0,ruta_montaña_>230km,"https://www.google.com/maps/dir/4.413601,-76.152277/5.610244,-75.454870/data=!4m2!4m1!3e0?hl=es",2026-10-01,"Google Maps, modo carro, primera ruta sugerida (más rápida con tráfico habitual); km mostrados (1 decimal <100 km, entero ≥100 km)"
D76890,C14,Yotoco,Supía,238.132,239.0,ruta_montaña_>230km,"https://www.google.com/maps/dir/3.861241,-76.382698/5.446843,-75.649660/data=!4m2!4m1!3e0?hl=es",2026-10-01,"Google Maps, modo carro, primera ruta sugerida (más rápida con tráfico habitual); km mostrados (1 decimal <100 km, entero ≥100 km)"
D76113,C15,Bugalagrande,Aguadas,249.962,263.0,ruta_montaña_>230km,"https://www.google.com/maps/dir/4.208358,-76.156820/5.610244,-75.454870/data=!4m2!4m1!3e0?hl=es",2026-10-01,"Google Maps, modo carro, primera ruta sugerida (más rápida con tráfico habitual); km mostrados (1 decimal <100 km, entero ≥100 km)"
