id_demanda,id_sitio,municipio_origen,sitio_destino,km_OSRM,km_Google_Maps,grupo,observacion_ruta,url_consulta,fecha_consulta,metodo,razon_Google_OSRM,factible_OSRM,factible_Google
D66001,C05,Pereira,Guadalajara de Buga,141.912,143,franja 140-160 km (verificación 5-oct-2026),"Ruta más rápida, tráfico habitual","https://www.google.com/maps/dir/4.804985,-75.719711/3.900736,-76.298979/data=!4m2!4m1!3e0?hl=es",2026-10-05,"Google Maps, modo carro, primera ruta sugerida (más rápida con el tráfico del momento); km mostrados (entero ≥100 km)",1.008,1,1
D66001,C11,Pereira,Guacarí,159.36,160,franja 140-160 km (verificación 5-oct-2026),"Ruta más rápida, tráfico habitual","https://www.google.com/maps/dir/4.804985,-75.719711/3.761815,-76.330911/data=!4m2!4m1!3e0?hl=es",2026-10-05,"Google Maps, modo carro, primera ruta sugerida (más rápida con el tráfico del momento); km mostrados (entero ≥100 km)",1.004,1,1
D76109,C06,Buenaventura,Candelaria,140.776,142,franja 140-160 km (verificación 5-oct-2026),Ruta más rápida según el tráfico del momento,"https://www.google.com/maps/dir/3.875708,-77.01074/3.408354,-76.346519/data=!4m2!4m1!3e0?hl=es",2026-10-05,"Google Maps, modo carro, primera ruta sugerida (más rápida con el tráfico del momento); km mostrados (entero ≥100 km)",1.009,1,1
D76109,C08,Buenaventura,Florida,154.894,157,franja 140-160 km (verificación 5-oct-2026),Ruta más rápida según el tráfico del momento,"https://www.google.com/maps/dir/3.875708,-77.01074/3.324118,-76.234199/data=!4m2!4m1!3e0?hl=es",2026-10-05,"Google Maps, modo carro, primera ruta sugerida (más rápida con el tráfico del momento); km mostrados (entero ≥100 km)",1.014,1,1
D63001,C09,Armenia,El Cerrito,144.638,142,franja 140-160 km (verificación 5-oct-2026),"Ruta más rápida, tráfico habitual","https://www.google.com/maps/dir/4.53598,-75.680786/3.684229,-76.311972/data=!4m2!4m1!3e0?hl=es",2026-10-05,"Google Maps, modo carro, primera ruta sugerida (más rápida con el tráfico del momento); km mostrados (entero ≥100 km)",0.982,1,1
D63001,C12,Armenia,Ginebra,147.326,143,franja 140-160 km (verificación 5-oct-2026),"Ruta más rápida, tráfico habitual","https://www.google.com/maps/dir/4.53598,-75.680786/3.724181,-76.268068/data=!4m2!4m1!3e0?hl=es",2026-10-05,"Google Maps, modo carro, primera ruta sugerida (más rápida con el tráfico del momento); km mostrados (entero ≥100 km)",0.971,1,1
D63001,C14,Armenia,Supía,151.364,143,franja 140-160 km (verificación 5-oct-2026),Ruta más rápida ahora: evita cortes de carretera en Cra. 19 (cierre temporal el 5-oct-2026),"https://www.google.com/maps/dir/4.53598,-75.680786/5.446843,-75.64966/data=!4m2!4m1!3e0?hl=es",2026-10-05,"Google Maps, modo carro, primera ruta sugerida (más rápida con el tráfico del momento); km mostrados (entero ≥100 km)",0.945,1,1
D66170,C05,Dosquebradas,Guadalajara de Buga,145.575,147,franja 140-160 km (verificación 5-oct-2026),"Ruta más rápida, tráfico habitual","https://www.google.com/maps/dir/4.833131,-75.675371/3.900736,-76.298979/data=!4m2!4m1!3e0?hl=es",2026-10-05,"Google Maps, modo carro, primera ruta sugerida (más rápida con el tráfico del momento); km mostrados (entero ≥100 km)",1.01,1,1
D66682,C05,Santa Rosa de Cabal,Guadalajara de Buga,155.968,158,franja 140-160 km (verificación 5-oct-2026),"Ruta más rápida, tráfico habitual","https://www.google.com/maps/dir/4.876271,-75.623268/3.900736,-76.298979/data=!4m2!4m1!3e0?hl=es",2026-10-05,"Google Maps, modo carro, primera ruta sugerida (más rápida con el tráfico del momento); km mostrados (entero ≥100 km)",1.013,1,1
D66682,C15,Santa Rosa de Cabal,Aguadas,156.142,159,franja 140-160 km (verificación 5-oct-2026),Ruta más rápida según el tráfico del momento,"https://www.google.com/maps/dir/4.876271,-75.623268/5.610244,-75.45487/data=!4m2!4m1!3e0?hl=es",2026-10-05,"Google Maps, modo carro, primera ruta sugerida (más rápida con el tráfico del momento); km mostrados (entero ≥100 km)",1.018,1,1
D63594,C05,Quimbaya,Guadalajara de Buga,140.683,142,franja 140-160 km (verificación 5-oct-2026),"Ruta más rápida, tráfico habitual","https://www.google.com/maps/dir/4.624387,-75.765074/3.900736,-76.298979/data=!4m2!4m1!3e0?hl=es",2026-10-05,"Google Maps, modo carro, primera ruta sugerida (más rápida con el tráfico del momento); km mostrados (entero ≥100 km)",1.009,1,1
D63594,C11,Quimbaya,Guacarí,158.131,142,franja 140-160 km (verificación 5-oct-2026),Ruta más rápida según el tráfico del momento,"https://www.google.com/maps/dir/4.624387,-75.765074/3.761815,-76.330911/data=!4m2!4m1!3e0?hl=es",2026-10-05,"Google Maps, modo carro, primera ruta sugerida (más rápida con el tráfico del momento); km mostrados (entero ≥100 km)",0.898,1,1
D63594,C14,Quimbaya,Supía,144.042,141,franja 140-160 km (verificación 5-oct-2026),Ruta más rápida según el tráfico del momento,"https://www.google.com/maps/dir/4.624387,-75.765074/5.446843,-75.64966/data=!4m2!4m1!3e0?hl=es",2026-10-05,"Google Maps, modo carro, primera ruta sugerida (más rápida con el tráfico del momento); km mostrados (entero ≥100 km)",0.979,1,1
D63470,C09,Montenegro,El Cerrito,141.97,143,franja 140-160 km (verificación 5-oct-2026),"Ruta más rápida, tráfico habitual","https://www.google.com/maps/dir/4.565057,-75.749827/3.684229,-76.311972/data=!4m2!4m1!3e0?hl=es",2026-10-05,"Google Maps, modo carro, primera ruta sugerida (más rápida con el tráfico del momento); km mostrados (entero ≥100 km)",1.007,1,1
D63470,C12,Montenegro,Ginebra,144.658,145,franja 140-160 km (verificación 5-oct-2026),"Ruta más rápida, tráfico habitual","https://www.google.com/maps/dir/4.565057,-75.749827/3.724181,-76.268068/data=!4m2!4m1!3e0?hl=es",2026-10-05,"Google Maps, modo carro, primera ruta sugerida (más rápida con el tráfico del momento); km mostrados (entero ≥100 km)",1.002,1,1
D63470,C14,Montenegro,Supía,153.874,151,franja 140-160 km (verificación 5-oct-2026),Ruta más rápida según el tráfico del momento,"https://www.google.com/maps/dir/4.565057,-75.749827/5.446843,-75.64966/data=!4m2!4m1!3e0?hl=es",2026-10-05,"Google Maps, modo carro, primera ruta sugerida (más rápida con el tráfico del momento); km mostrados (entero ≥100 km)",0.981,1,1
D76622,C03,Roldanillo,Jamundí,159.519,163,franja 140-160 km (verificación 5-oct-2026),"Ruta más rápida, tráfico habitual","https://www.google.com/maps/dir/4.413601,-76.152277/3.258751,-76.538472/data=!4m2!4m1!3e0?hl=es",2026-10-05,"Google Maps, modo carro, primera ruta sugerida (más rápida con el tráfico del momento); km mostrados (entero ≥100 km)",1.022,1,1
D76622,C08,Roldanillo,Florida,150.365,155,franja 140-160 km (verificación 5-oct-2026),"Ruta más rápida, tráfico habitual","https://www.google.com/maps/dir/4.413601,-76.152277/3.324118,-76.234199/data=!4m2!4m1!3e0?hl=es",2026-10-05,"Google Maps, modo carro, primera ruta sugerida (más rápida con el tráfico del momento); km mostrados (entero ≥100 km)",1.031,1,1
D76054,C05,Argelia,Guadalajara de Buga,151.16,152,franja 140-160 km (verificación 5-oct-2026),Ruta más rápida ahora: evita corte de carretera en La Victoria–La Unión (cierre temporal el 5-oct-2026),"https://www.google.com/maps/dir/4.726945,-76.119905/3.900736,-76.298979/data=!4m2!4m1!3e0?hl=es",2026-10-05,"Google Maps, modo carro, primera ruta sugerida (más rápida con el tráfico del momento); km mostrados (entero ≥100 km)",1.006,1,1
D76400,C06,La Unión,Candelaria,151.027,153,franja 140-160 km (verificación 5-oct-2026),Ruta más rápida ahora: evita corte de carretera en La Victoria–La Unión (cierre temporal el 5-oct-2026),"https://www.google.com/maps/dir/4.533869,-76.099661/3.408354,-76.346519/data=!4m2!4m1!3e0?hl=es",2026-10-05,"Google Maps, modo carro, primera ruta sugerida (más rápida con el tráfico del momento); km mostrados (entero ≥100 km)",1.013,1,1
D76400,C07,La Unión,Yumbo,147.638,149,franja 140-160 km (verificación 5-oct-2026),Ruta más rápida ahora: evita corte de carretera en La Victoria–La Unión (cierre temporal el 5-oct-2026),"https://www.google.com/maps/dir/4.533869,-76.099661/3.540097,-76.499893/data=!4m2!4m1!3e0?hl=es",2026-10-05,"Google Maps, modo carro, primera ruta sugerida (más rápida con el tráfico del momento); km mostrados (entero ≥100 km)",1.009,1,1
D76400,C10,La Unión,Pradera,155.232,156,franja 140-160 km (verificación 5-oct-2026),Ruta más rápida ahora: evita corte de carretera en La Victoria–La Unión (cierre temporal el 5-oct-2026),"https://www.google.com/maps/dir/4.533869,-76.099661/3.419793,-76.241799/data=!4m2!4m1!3e0?hl=es",2026-10-05,"Google Maps, modo carro, primera ruta sugerida (más rápida con el tráfico del momento); km mostrados (entero ≥100 km)",1.005,1,1
D76400,C14,La Unión,Supía,154.554,147,franja 140-160 km (verificación 5-oct-2026),Ruta más rápida según el tráfico del momento,"https://www.google.com/maps/dir/4.533869,-76.099661/5.446843,-75.64966/data=!4m2!4m1!3e0?hl=es",2026-10-05,"Google Maps, modo carro, primera ruta sugerida (más rápida con el tráfico del momento); km mostrados (entero ≥100 km)",0.951,1,1
D76823,C01,Toro,Palmira,145.891,153,franja 140-160 km (verificación 5-oct-2026),Ruta más rápida ahora: evita corte de carretera en La Victoria–La Unión (cierre temporal el 5-oct-2026),"https://www.google.com/maps/dir/4.608085,-76.076859/3.531544,-76.298846/data=!4m2!4m1!3e0?hl=es",2026-10-05,"Google Maps, modo carro, primera ruta sugerida (más rápida con el tráfico del momento); km mostrados (entero ≥100 km)",1.049,1,1
D76823,C06,Toro,Candelaria,159.425,161,franja 140-160 km (verificación 5-oct-2026),Ruta más rápida ahora: evita corte de carretera en La Victoria–La Unión (cierre temporal el 5-oct-2026),"https://www.google.com/maps/dir/4.608085,-76.076859/3.408354,-76.346519/data=!4m2!4m1!3e0?hl=es",2026-10-05,"Google Maps, modo carro, primera ruta sugerida (más rápida con el tráfico del momento); km mostrados (entero ≥100 km)",1.01,1,1
D76823,C07,Toro,Yumbo,156.036,158,franja 140-160 km (verificación 5-oct-2026),Ruta más rápida ahora: evita corte de carretera en La Victoria–La Unión (cierre temporal el 5-oct-2026),"https://www.google.com/maps/dir/4.608085,-76.076859/3.540097,-76.499893/data=!4m2!4m1!3e0?hl=es",2026-10-05,"Google Maps, modo carro, primera ruta sugerida (más rápida con el tráfico del momento); km mostrados (entero ≥100 km)",1.013,1,1
D76606,C04,Restrepo,Cartago,148.715,149,franja 140-160 km (verificación 5-oct-2026),"Ruta más rápida, tráfico habitual","https://www.google.com/maps/dir/3.821351,-76.523329/4.742192,-75.924374/data=!4m2!4m1!3e0?hl=es",2026-10-05,"Google Maps, modo carro, primera ruta sugerida (más rápida con el tráfico del momento); km mostrados (entero ≥100 km)",1.002,1,1
D76895,C03,Zarzal,Jamundí,153.8,154,franja 140-160 km (verificación 5-oct-2026),Ruta más rápida según el tráfico del momento,"https://www.google.com/maps/dir/4.392658,-76.070795/3.258751,-76.538472/data=!4m2!4m1!3e0?hl=es",2026-10-05,"Google Maps, modo carro, primera ruta sugerida (más rápida con el tráfico del momento); km mostrados (entero ≥100 km)",1.001,1,1
D76895,C08,Zarzal,Florida,144.646,146,franja 140-160 km (verificación 5-oct-2026),"Ruta más rápida, tráfico habitual","https://www.google.com/maps/dir/4.392658,-76.070795/3.324118,-76.234199/data=!4m2!4m1!3e0?hl=es",2026-10-05,"Google Maps, modo carro, primera ruta sugerida (más rápida con el tráfico del momento); km mostrados (entero ≥100 km)",1.009,1,1
D76736,C08,Sevilla,Florida,157.528,159,franja 140-160 km (verificación 5-oct-2026),Ruta más rápida según el tráfico del momento,"https://www.google.com/maps/dir/4.270714,-75.931629/3.324118,-76.234199/data=!4m2!4m1!3e0?hl=es",2026-10-05,"Google Maps, modo carro, primera ruta sugerida (más rápida con el tráfico del momento); km mostrados (entero ≥100 km)",1.009,1,1
D76736,C10,Sevilla,Pradera,143.606,143,franja 140-160 km (verificación 5-oct-2026),Ruta más rápida según el tráfico del momento,"https://www.google.com/maps/dir/4.270714,-75.931629/3.419793,-76.241799/data=!4m2!4m1!3e0?hl=es",2026-10-05,"Google Maps, modo carro, primera ruta sugerida (más rápida con el tráfico del momento); km mostrados (entero ≥100 km)",0.996,1,1
D76736,C13,Sevilla,Chinchiná,140.237,129,franja 140-160 km (verificación 5-oct-2026),Ruta más rápida según el tráfico del momento,"https://www.google.com/maps/dir/4.270714,-75.931629/4.985227,-75.607529/data=!4m2!4m1!3e0?hl=es",2026-10-05,"Google Maps, modo carro, primera ruta sugerida (más rápida con el tráfico del momento); km mostrados (entero ≥100 km)",0.92,1,1
D76246,C02,El Cairo,Tuluá,155.253,156,franja 140-160 km (verificación 5-oct-2026),Ruta más rápida ahora: evita corte de carretera en La Victoria–La Unión (cierre temporal el 5-oct-2026),"https://www.google.com/maps/dir/4.760874,-76.221611/4.085399,-76.197731/data=!4m2!4m1!3e0?hl=es",2026-10-05,"Google Maps, modo carro, primera ruta sugerida (más rápida con el tráfico del momento); km mostrados (entero ≥100 km)",1.005,1,1
D76041,C09,Ansermanuevo,El Cerrito,151.513,153,franja 140-160 km (verificación 5-oct-2026),Ruta más rápida ahora: evita corte de carretera en La Victoria–La Unión (cierre temporal el 5-oct-2026),"https://www.google.com/maps/dir/4.794984,-75.992003/3.684229,-76.311972/data=!4m2!4m1!3e0?hl=es",2026-10-05,"Google Maps, modo carro, primera ruta sugerida (más rápida con el tráfico del momento); km mostrados (entero ≥100 km)",1.01,1,1
D76041,C11,Ansermanuevo,Guacarí,142.487,143,franja 140-160 km (verificación 5-oct-2026),Ruta más rápida ahora: evita corte de carretera en La Victoria–La Unión (cierre temporal el 5-oct-2026),"https://www.google.com/maps/dir/4.794984,-75.992003/3.761815,-76.330911/data=!4m2!4m1!3e0?hl=es",2026-10-05,"Google Maps, modo carro, primera ruta sugerida (más rápida con el tráfico del momento); km mostrados (entero ≥100 km)",1.004,1,1
D76041,C12,Ansermanuevo,Ginebra,154.2,155,franja 140-160 km (verificación 5-oct-2026),Ruta más rápida ahora: evita corte de carretera en La Victoria–La Unión (cierre temporal el 5-oct-2026),"https://www.google.com/maps/dir/4.794984,-75.992003/3.724181,-76.268068/data=!4m2!4m1!3e0?hl=es",2026-10-05,"Google Maps, modo carro, primera ruta sugerida (más rápida con el tráfico del momento); km mostrados (entero ≥100 km)",1.005,1,1
D66400,C11,La Virginia,Guacarí,155.117,155,franja 140-160 km (verificación 5-oct-2026),Ruta más rápida según el tráfico del momento,"https://www.google.com/maps/dir/4.896624,-75.880394/3.761815,-76.330911/data=!4m2!4m1!3e0?hl=es",2026-10-05,"Google Maps, modo carro, primera ruta sugerida (más rápida con el tráfico del momento); km mostrados (entero ≥100 km)",0.999,1,1
D66400,C15,La Virginia,Aguadas,155.901,168,franja 140-160 km (verificación 5-oct-2026),Ruta más rápida según el tráfico del momento,"https://www.google.com/maps/dir/4.896624,-75.880394/5.610244,-75.45487/data=!4m2!4m1!3e0?hl=es",2026-10-05,"Google Maps, modo carro, primera ruta sugerida (más rápida con el tráfico del momento); km mostrados (entero ≥100 km)",1.078,1,1
D76616,C13,Riofrío,Chinchiná,159.059,161,franja 140-160 km (verificación 5-oct-2026),"Ruta más rápida, tráfico habitual","https://www.google.com/maps/dir/4.156908,-76.288313/4.985227,-75.607529/data=!4m2!4m1!3e0?hl=es",2026-10-05,"Google Maps, modo carro, primera ruta sugerida (más rápida con el tráfico del momento); km mostrados (entero ≥100 km)",1.012,1,1
D76122,C01,Caicedonia,Palmira,144.811,151,franja 140-160 km (verificación 5-oct-2026),"Ruta más rápida, tráfico habitual","https://www.google.com/maps/dir/4.334808,-75.830594/3.531544,-76.298846/data=!4m2!4m1!3e0?hl=es",2026-10-05,"Google Maps, modo carro, primera ruta sugerida (más rápida con el tráfico del momento); km mostrados (entero ≥100 km)",1.043,1,1
D76122,C06,Caicedonia,Candelaria,158.346,159,franja 140-160 km (verificación 5-oct-2026),"Ruta más rápida, tráfico habitual","https://www.google.com/maps/dir/4.334808,-75.830594/3.408354,-76.346519/data=!4m2!4m1!3e0?hl=es",2026-10-05,"Google Maps, modo carro, primera ruta sugerida (más rápida con el tráfico del momento); km mostrados (entero ≥100 km)",1.004,1,1
D76122,C07,Caicedonia,Yumbo,154.956,156,franja 140-160 km (verificación 5-oct-2026),"Ruta más rápida, tráfico habitual","https://www.google.com/maps/dir/4.334808,-75.830594/3.540097,-76.499893/data=!4m2!4m1!3e0?hl=es",2026-10-05,"Google Maps, modo carro, primera ruta sugerida (más rápida con el tráfico del momento); km mostrados (entero ≥100 km)",1.007,1,1
D63190,C09,Circasia,El Cerrito,155.701,153,franja 140-160 km (verificación 5-oct-2026),"Ruta más rápida, tráfico habitual","https://www.google.com/maps/dir/4.617759,-75.636533/3.684229,-76.311972/data=!4m2!4m1!3e0?hl=es",2026-10-05,"Google Maps, modo carro, primera ruta sugerida (más rápida con el tráfico del momento); km mostrados (entero ≥100 km)",0.983,1,1
D63190,C11,Circasia,Guacarí,146.676,143,franja 140-160 km (verificación 5-oct-2026),"Ruta más rápida, tráfico habitual","https://www.google.com/maps/dir/4.617759,-75.636533/3.761815,-76.330911/data=!4m2!4m1!3e0?hl=es",2026-10-05,"Google Maps, modo carro, primera ruta sugerida (más rápida con el tráfico del momento); km mostrados (entero ≥100 km)",0.975,1,1
D63190,C12,Circasia,Ginebra,158.389,155,franja 140-160 km (verificación 5-oct-2026),"Ruta más rápida, tráfico habitual","https://www.google.com/maps/dir/4.617759,-75.636533/3.724181,-76.268068/data=!4m2!4m1!3e0?hl=es",2026-10-05,"Google Maps, modo carro, primera ruta sugerida (más rápida con el tráfico del momento); km mostrados (entero ≥100 km)",0.979,1,1
D63130,C09,Calarcá,El Cerrito,148.361,148,franja 140-160 km (verificación 5-oct-2026),"Ruta más rápida, tráfico habitual","https://www.google.com/maps/dir/4.520982,-75.646085/3.684229,-76.311972/data=!4m2!4m1!3e0?hl=es",2026-10-05,"Google Maps, modo carro, primera ruta sugerida (más rápida con el tráfico del momento); km mostrados (entero ≥100 km)",0.998,1,1
D63130,C12,Calarcá,Ginebra,151.048,150,franja 140-160 km (verificación 5-oct-2026),"Ruta más rápida, tráfico habitual","https://www.google.com/maps/dir/4.520982,-75.646085/3.724181,-76.268068/data=!4m2!4m1!3e0?hl=es",2026-10-05,"Google Maps, modo carro, primera ruta sugerida (más rápida con el tráfico del momento); km mostrados (entero ≥100 km)",0.993,1,1
D63130,C14,Calarcá,Supía,149.409,143,franja 140-160 km (verificación 5-oct-2026),Ruta más rápida según el tráfico del momento,"https://www.google.com/maps/dir/4.520982,-75.646085/5.446843,-75.64966/data=!4m2!4m1!3e0?hl=es",2026-10-05,"Google Maps, modo carro, primera ruta sugerida (más rápida con el tráfico del momento); km mostrados (entero ≥100 km)",0.957,1,1
