cod_mpio,nom_mpio,latitud,longitud
76001,SANTIAGO DE CALI,"3,413686","-76,52133"
76020,ALCALÁ,"4,674994","-75,779792"
76036,ANDALUCÍA,"4,171713","-76,167925"
76041,ANSERMANUEVO,"4,794984","-75,992003"
76054,ARGELIA,"4,726945","-76,119905"
76100,BOLÍVAR,"4,337846","-76,183583"
76109,BUENAVENTURA,"3,875708","-77,01074"
76111,GUADALAJARA DE BUGA,"3,900736","-76,298979"
76113,BUGALAGRANDE,"4,208358","-76,15682"
76122,CAICEDONIA,"4,334808","-75,830594"
76126,CALIMA,"3,933664","-76,484132"
76130,CANDELARIA,"3,408354","-76,346519"
76147,CARTAGO,"4,742192","-75,924374"
76233,DAGUA,"3,657318","-76,68886"
76243,EL ÁGUILA,"4,906062","-76,042779"
76246,EL CAIRO,"4,760874","-76,221611"
76248,EL CERRITO,"3,684229","-76,311972"
76250,EL DOVIO,"4,510452","-76,237084"
76275,FLORIDA,"3,324118","-76,234199"
76306,GINEBRA,"3,724181","-76,268068"
76318,GUACARÍ,"3,761815","-76,330911"
76364,JAMUNDÍ,"3,258751","-76,538472"
76377,LA CUMBRE,"3,649268","-76,56805"
76400,LA UNIÓN,"4,533869","-76,099661"
76403,LA VICTORIA,"4,523603","-76,036529"
76497,OBANDO,"4,575712","-75,974709"
76520,PALMIRA,"3,531544","-76,298846"
76563,PRADERA,"3,419793","-76,241799"
76606,RESTREPO,"3,821351","-76,523329"
76616,RIOFRÍO,"4,156908","-76,288313"
76622,ROLDANILLO,"4,413601","-76,152277"
76670,SAN PEDRO,"3,995073","-76,228692"
76736,SEVILLA,"4,270714","-75,931629"
76823,TORO,"4,608085","-76,076859"
76828,TRUJILLO,"4,212037","-76,318818"
76834,TULUÁ,"4,085399","-76,197731"
76845,ULLOA,"4,703623","-75,737808"
76863,VERSALLES,"4,575019","-76,199203"
76869,VIJES,"3,698686","-76,441804"
76890,YOTOCO,"3,861241","-76,382698"
76892,YUMBO,"3,540097","-76,499893"
76895,ZARZAL,"4,392658","-76,070795"
17001,MANIZALES,"5,057657","-75,491025"
17013,AGUADAS,"5,610244","-75,45487"
17042,ANSERMA,"5,236471","-75,784343"
17050,ARANZAZU,"5,271195","-75,49129"
17088,BELALCÁZAR,"4,993785","-75,811918"
17174,CHINCHINÁ,"4,985227","-75,607529"
17272,FILADELFIA,"5,297091","-75,562474"
17380,LA DORADA,"5,460834","-74,668819"
17388,LA MERCED,"5,39647","-75,546486"
17433,MANZANARES,"5,255699","-75,152829"
17442,MARMATO,"5,47422","-75,600049"
17444,MARQUETALIA,"5,297525","-75,053097"
17446,MARULANDA,"5,284304","-75,259721"
17486,NEIRA,"5,166895","-75,520006"
17495,NORCASIA,"5,574796","-74,889543"
17513,PÁCORA,"5,527172","-75,459621"
17524,PALESTINA,"5,017879","-75,624577"
17541,PENSILVANIA,"5,383281","-75,160299"
17614,RIOSUCIO,"5,423673","-75,702104"
17616,RISARALDA,"5,164509","-75,76722"
17653,SALAMINA,"5,403025","-75,487223"
17662,SAMANÁ,"5,41308","-74,992263"
17665,SAN JOSÉ,"5,08231","-75,792063"
17777,SUPÍA,"5,446843","-75,64966"
17867,VICTORIA,"5,317437","-74,911239"
17873,VILLAMARÍA,"5,038925","-75,502487"
17877,VITERBO,"5,062664","-75,87061"
66001,PEREIRA,"4,804985","-75,719711"
66045,APÍA,"5,106526","-75,942356"
66075,BALBOA,"4,949096","-75,958663"
66088,BELÉN DE UMBRÍA,"5,200793","-75,868334"
66170,DOSQUEBRADAS,"4,833131","-75,675371"
66318,GUÁTICA,"5,315367","-75,799005"
66383,LA CELIA,"5,002787","-76,0032"
66400,LA VIRGINIA,"4,896624","-75,880394"
66440,MARSELLA,"4,935771","-75,73879"
66456,MISTRATÓ,"5,297039","-75,882886"
66572,PUEBLO RICO,"5,222043","-76,030801"
66594,QUINCHÍA,"5,340456","-75,730431"
66682,SANTA ROSA DE CABAL,"4,876271","-75,623268"
66687,SANTUARIO,"5,074911","-75,964628"
63001,ARMENIA,"4,53598","-75,680786"
63111,BUENAVISTA,"4,360029","-75,739572"
63130,CALARCÁ,"4,520982","-75,646085"
63190,CIRCASIA,"4,617759","-75,636533"
63212,CÓRDOBA,"4,392485","-75,687866"
63272,FILANDIA,"4,674338","-75,658387"
63302,GÉNOVA,"4,206641","-75,790402"
63401,LA TEBAIDA,"4,453755","-75,786887"
63470,MONTENEGRO,"4,565057","-75,749827"
63548,PIJAO,"4,335036","-75,703329"
63594,QUIMBAYA,"4,624387","-75,765074"
63690,SALENTO,"4,637157","-75,570844"
